INSTNM,CITY,STABBR,CONTROL,ADM_RATE,SAT_AVG,TUITFTE,RET_FT4,PCTFLOAN,PCTPELL,DEBT_MDN,C150_4,CDR3,mn_earn_wne_p7
Albertus Magnus College,New Haven,CT,2,0.6821,830,12190,0.9256,0.7824,0.5811,26313,0.6063,0.07,51800
Central Connecticut State University,New Britain,CT,1,0.6413,1006,7671,0.7681,0.5918,0.3335,16852.5,0.5191,0.08,40900
Eastern Connecticut State University,Willimantic,CT,1,0.6453,1017,6540,0.781,0.6099,0.2644,17500,0.508,0.058,38600
Post University,Waterbury,CT,3,0.8302,865,14224,0.3946,0.5312,0.4313,8099,0.3583,0.136,39300
Quinnipiac University,Hamden,CT,2,0.6722,1102,27202,0.8522,0.6188,0.1429,21852,0.7627,0.014,54200
Southern Connecticut State University,New Haven,CT,1,0.7542,921,8775,0.7522,0.6169,0.3462,17404,0.4944,0.056,38800
Trinity College,Hartford,CT,2,0.3178,1240,29677,0.9086,0.1173,0.116,19275,0.8628,0.033,51500
University of Bridgeport,Bridgeport,CT,2,0.6385,923,16601,0.6361,0.7347,0.4859,17500,0.281,0.091,40100
University of Connecticut,Storrs,CT,1,0.5366,1233,11188,0.9392,0.5013,0.2088,18983,0.8323,0.038,51100
University of Connecticut-Avery Point,Groton,CT,1,0.594,1020,6277,0.7866,0.4771,0.2588,18983,0.4796,0.038,51100
University of Connecticut-Stamford,Stamford,CT,1,0.4107,1017,2653,0.8196,0.3653,0.3094,18983,0.6243,0.038,51100
University of Connecticut-Tri-Campus,Waterbury,CT,1,0.4207,1015,2077,0.8434,0.4705,0.3402,18983,0.5029,0.038,51100
University of Hartford,West Hartford,CT,2,0.6173,1053,15424,0.7254,0.6656,0.264,19944,0.5871,0.056,39800
University of New Haven,West Haven,CT,2,0.7441,1034,17898,0.7639,0.7151,0.2583,20500,0.5443,0.038,44700
University of Saint Joseph,West Hartford,CT,2,0.857,950,16296,0.7707,0.7711,0.3687,23627,0.5212,0.036,46100
Wesleyan University,Middletown,CT,2,0.2092,1387,27711,0.9508,0.3615,0.1837,17625,0.9154,0.015,41100
Yale University,New Haven,CT,2,0.0705,1497,14701,0.9867,0.0969,0.1273,12000,0.9779,0.009,93200
American International College,Springfield,MA,2,0.6779,885,10357,0.6482,0.8331,0.5027,20726,0.4487,0.06,37900
Amherst College,Amherst,MA,2,0.1428,1434,22937,0.9762,0.1321,0.1998,10453,0.9578,0.045,66700
Babson College,Wellesley,MA,2,0.2821,1258,33742,0.9489,0.3737,0.1613,27000,0.9073,0.01,76400
Bay Path College,Longmeadow,MA,2,0.576,964,14058,0.7226,0.8832,0.5289,18065,0.555,0.075,38900
Becker College,Worcester,MA,2,0.6255,1006,17590,0.6407,0.8154,0.3888,15750,0.3069,0.149,39500
Bentley University,Waltham,MA,2,0.4379,1234,24563,0.9355,0.5074,0.1554,26000,0.8727,0.01,65300
Boston College,Chestnut Hill,MA,2,0.3222,1375,27441,0.9484,0.4131,0.1371,19000,0.913,0.014,72500
Boston University,Boston,MA,2,0.4561,1279,27235,0.9279,0.4235,0.1487,25500,0.8448,0.02,54700
Brandeis University,Waltham,MA,2,0.3704,1347,19017,0.9303,0.5092,0.1781,26000,0.8959,0.024,49100
Bridgewater State University,Bridgewater,MA,1,0.786,991,7711,0.814,0.5298,0.2372,19250,0.5751,0.079,37400
College of Our Lady of the Elms,Chicopee,MA,2,0.7492,928,11375,0.799,0.7287,0.3967,22160.5,0.6788,0.082,42500
Curry College,Milton,MA,2,0.6692,931,20075,0.7021,0.6274,0.2555,18625,0.4502,0.086,43400
Dean College,Franklin,MA,2,0.6835,845,17320,0.5909,0.649,0.292,9500,0.4315,0.193,30400
Eastern Nazarene College,Quincy,MA,2,0.5579,954,11697,0.716,0.4475,0.4928,17800,0.5,0.062,39200
Emerson College,Boston,MA,2,0.4798,1240,23651,0.8811,0.5678,0.1702,21500,0.8147,0.025,37500
Emmanuel College,Boston,MA,2,0.6049,1090,16682,0.8101,0.6753,0.2337,24250,0.5808,0.056,41700
Endicott College,Beverly,MA,2,0.7165,1070,14258,0.8069,0.6392,0.1575,23250,0.7129,0.028,43400
Fisher College,Boston,MA,2,0.6273,825,12333,0.5597,0.6564,0.5754,9320.5,0.3891,0.153,29800
Fitchburg State University,Fitchburg,MA,1,0.7211,987,6004,0.7808,0.6887,0.3416,15529.5,0.5029,0.078,37300
Framingham State University,Framingham,MA,1,0.5167,1040,5825,0.7308,0.6681,0.2829,15522.5,0.5055,0.06,39900
Gordon College,Wenham,MA,2,0.4133,1156,17958,0.8257,0.7229,0.2213,23000,0.707,0.01,35500
Harvard University,Cambridge,MA,2,0.0584,1501,27867,0.9706,0.029,0.1016,7500,0.9747,0.019,113600
Lasell College,Newton,MA,2,0.7614,974,17406,0.7428,0.8689,0.319,23000,0.5294,0.068,35100
Lesley University,Cambridge,MA,2,0.6749,1065,18063,0.7874,0.6356,0.2621,19500,0.4602,0.044,33500
Massachusetts College of Art and Design,Boston,MA,1,0.6982,1081,11458,0.8438,0.5535,0.2565,22500,0.7382,0.093,32400
Massachusetts College of Liberal Arts,North Adams,MA,1,0.672,1032,5558,0.7857,0.8456,0.4513,18499,0.5659,0.058,31400
Massachusetts Institute of Technology,Cambridge,MA,2,0.0815,1503,28012,0.9788,0.1992,0.1825,13000,0.9307,0.017,122900
Massachusetts Maritime Academy,Buzzards Bay,MA,1,0.7726,1051,8929,0.85,0.7462,0.186,23250,0.6667,0.063,69900
MCPHS University,Boston,MA,2,0.8921,1094,29378,0.889,0.783,0.3009,25000,0.7053,0.018,103700
Mount Ida College,Newton,MA,2,0.6065,880,16453,0.5193,0.7741,0.3925,19000,0.3952,0.079,34700
Newbury College,Brookline,MA,2,0.5953,850,16433,0.5597,0.773,0.5043,16000,0.309,0.139,32800
Nichols College,Dudley,MA,2,0.8047,940,14317,0.6939,0.876,0.3502,15782.5,0.4656,0.121,41700
Northeastern University,Boston,MA,2,0.3231,1394,24465,0.9553,0.4433,0.1424,25759.5,0.8256,0.042,56800
Pine Manor College,Chestnut Hill,MA,2,0.6411,760,11893,0.6234,0.7098,0.6562,25000,0.3353,0.283,30200
Regis College,Weston,MA,2,0.7243,954,17595,0.7717,0.7215,0.3577,24500,0.4867,0.113,43800
Salem State University,Salem,MA,1,0.6929,986,6709,0.7808,0.5898,0.3339,19415,0.4558,0.086,38000
Simmons College,Boston,MA,2,0.4897,1149,18588,0.8625,0.7305,0.2573,25000,0.7122,0.021,46600
Springfield College,Springfield,MA,2,0.6992,1029,15822,0.8429,0.8985,0.2192,20500,0.6856,0.056,42300
Stonehill College,Easton,MA,2,0.7091,1133,21131,0.8673,0.6856,0.1441,26000,0.8483,0.004,52600
Suffolk University,Boston,MA,2,0.825,1014,24014,0.7546,0.5983,0.292,21032,0.5489,0.071,47700
Tufts University,Medford,MA,2,0.1884,1428,28845,0.964,0.301,0.1132,17300,0.9219,0.023,63500
University of Massachusetts-Amherst,Amherst,MA,1,0.6294,1209,11566,0.893,0.6043,0.2513,21500,0.7266,0.056,43400
University of Massachusetts-Boston,Boston,MA,1,0.7141,1015,12102,0.7747,0.5642,0.3831,16362,0.4358,0.086,43800
University of Massachusetts-Dartmouth,North Dartmouth,MA,1,0.7213,1061,9535,0.7609,0.717,0.3799,19500,0.4903,0.097,40500
University of Massachusetts-Lowell,Lowell,MA,1,0.6397,1132,11192,0.8389,0.597,0.2989,19500,0.5426,0.073,45800
Wellesley College,Wellesley,MA,2,0.2911,1399,18628,0.9658,0.2534,0.1922,8000,0.9068,0.012,52800
Wentworth Institute of Technology,Boston,MA,2,0.5761,1109,15666,0.7885,0.722,0.2822,21700,0.6251,0.045,49300
Western New England University,Springfield,MA,2,0.8151,1077,19352,0.7528,0.748,0.2502,20159,0.5961,0.056,50200
Westfield State University,Westfield,MA,1,0.7487,995,7287,0.7909,0.6121,0.2609,16250,0.585,0.046,39100
Wheelock College,Boston,MA,2,0.7318,996,16294,0.6616,0.7918,0.3466,25859,0.5446,0.039,32600
Williams College,Williamstown,MA,2,0.1702,1439,26201,0.9799,0.2478,0.1903,11248,0.9536,0.018,56100
Worcester State University,Worcester,MA,1,0.6062,1016,6291,0.8028,0.5427,0.271,14500,0.4882,0.058,40400
Bowdoin College,Brunswick,ME,2,0.1495,1423,30863,0.9654,0.1963,0.1376,18000,0.9326,0.006,55600
Colby College,Waterville,ME,2,0.2604,1343,30380,0.931,0.205,0.1079,18500,0.9251,0.025,49500
Husson University,Bangor,ME,2,0.7989,962,14005,0.7158,0.5926,0.2796,21329,0.4654,0.097,36100
Maine Maritime Academy,Castine,ME,1,0.6536,1026,15845,0.7537,0.7978,0.288,26596.5,0.752,0.051,79400
Saint Joseph's College of Maine,Standish,ME,2,0.7778,960,12041,0.7175,0.5758,0.2435,15683.5,0.5543,0.057,38900
Thomas College,Waterville,ME,2,0.7244,895,10550,0.6543,0.5895,0.3331,18059.5,0.4298,0.093,33700
University of Maine,Orono,ME,1,0.8106,1085,9599,0.8066,0.6405,0.3718,19200.5,0.5556,0.063,38200
University of Maine at Fort Kent,Fort Kent,ME,1,0.6293,908,6008,0.5918,0.4269,0.3216,11500,0.4273,0.146,31500
University of Maine at Machias,Machias,ME,1,0.854,937,4444,0.6585,0.4357,0.4086,11780,0.3091,0.198,24900
University of New England,Biddeford,ME,2,0.8584,1057,19167,0.7422,0.6868,0.2279,20955,0.5966,0.045,47900
University of Southern Maine,Portland,ME,1,0.828,1003,9033,0.6695,0.5807,0.3636,17000,0.3356,0.068,36300
Daniel Webster College,Nashua,NH,3,0.5992,962,13033,0.6853,0.8729,0.3661,12500,0.5356,0.076,47800
Dartmouth College,Hanover,NH,2,0.0978,1446,28107,0.979,0.2454,0.1364,10695.5,0.947,0.014,79400
Franklin Pierce University,Rindge,NH,2,0.8472,975,12942,0.6729,0.669,0.2441,15289,0.4409,0.068,35000
Keene State College,Keene,NH,1,0.8185,975,11350,0.764,0.7316,0.2387,20000,0.634,0.04,36100
Plymouth State University,Plymouth,NH,1,0.7748,965,11139,0.7164,0.752,0.2697,21000,0.5596,0.064,34300
Rivier University,Nashua,NH,2,0.8928,932,14282,0.7661,0.6209,0.2758,21000,0.5907,0.043,41600
Saint Anselm College,Manchester,NH,2,0.7365,1145,20151,0.8482,0.7405,0.1673,27000,0.7447,0.019,48900
Southern New Hampshire University,Manchester,NH,2,0.7866,965,10913,0.6918,0.6931,0.4058,7688,0.542,0.068,39600
University of New Hampshire at Manchester,Manchester,NH,1,0.7306,1020,11082,0.6667,0.5114,0.2473,23128.5,0.4234,0.029,43100
University of New Hampshire-Main Campus,Durham,NH,1,0.7784,1100,12480,0.8641,0.676,0.2238,23128.5,0.7919,0.029,43100
Bloomfield College,Bloomfield,NJ,2,0.5464,835,18053,0.6347,0.8211,0.6417,18500,0.3642,0.1,35400
Caldwell College,Caldwell,NJ,2,0.6408,949,16805,0.7301,0.836,0.4293,19125,0.5345,0.068,39600
Centenary College,Hackettstown,NJ,2,0.9094,956,15624,0.7091,0.5817,0.2744,19837.5,0.5673,0.069,42900
College of Saint Elizabeth,Morristown,NJ,2,0.4836,855,18246,0.6781,0.4866,0.3772,17334.5,0.5563,0.083,43800
Drew University,Madison,NJ,2,0.7743,1109,17816,0.7569,0.6039,0.2928,25000,0.6881,0.023,44100
Fairleigh Dickinson University-College at Florham,Madison,NJ,2,0.7774,1020,27238,0.7314,0.6927,0.3273,18750,0.5423,0.043,43600
Fairleigh Dickinson University-Metropolitan Campus,Teaneck,NJ,2,0.7341,985,17362,0.7208,0.3668,0.2527,18750,0.465,0.043,43600
Felician College,Lodi,NJ,2,0.8819,877,20665,0.7588,0.6941,0.4699,20834,0.4592,0.058,42300
Georgian Court University,Lakewood,NJ,2,0.779,900,18180,0.7125,0.6788,0.4274,19500,0.5133,0.026,38300
Kean University,Union,NJ,1,0.8037,905,8190,0.7364,0.6133,0.4094,18750,0.4623,0.104,40500
Monmouth University,West Long Branch,NJ,2,0.7791,1063,20140,0.7952,0.6716,0.2661,22500,0.6081,0.059,44400
Montclair State University,Montclair,NJ,1,0.6532,970,8938,0.856,0.6066,0.3726,19000,0.6339,0.033,41900
New Jersey City University,Jersey City,NJ,1,0.4129,917,7917,0.6952,0.564,0.561,13250.5,0.3174,0.065,39600
New Jersey Institute of Technology,Newark,NJ,1,0.6547,1142,9933,0.8603,0.4698,0.3898,16145,0.5767,0.049,55600
Princeton University,Princeton,NJ,2,0.0741,1495,13049,0.9757,0.0482,0.1218,7500,0.9694,0.023,89600
Ramapo College of New Jersey,Mahwah,NJ,1,0.5526,1096,9261,0.8665,0.6063,0.25,19500,0.7283,0.053,44000
Rider University,Lawrenceville,NJ,2,0.7187,1038,20883,0.7889,0.656,0.2618,22125,0.6576,0.065,43000
Rowan University,Glassboro,NJ,1,0.5923,1120,9614,0.841,0.5836,0.3007,18500,0.6982,0.052,44300
Rutgers University-Camden,Camden,NJ,1,0.5859,1035,11973,0.7734,0.6878,0.4329,19500,0.5582,0.052,52800
Rutgers University-New Brunswick,New Brunswick,NJ,1,0.5951,1210,11793,0.9093,0.5591,0.3105,19500,0.7969,0.052,52800
Rutgers University-Newark,Newark,NJ,1,0.5401,1059,12723,0.7422,0.5501,0.4637,19500,0.6752,0.052,52800
Saint Peter's University,Jersey City,NJ,2,0.5408,913,17043,0.7436,0.6353,0.5196,17500,0.5332,0.067,39100
Seton Hall University,South Orange,NJ,2,0.7916,1121,22466,0.8309,0.5785,0.2905,19500,0.6409,0.028,51900
Stevens Institute of Technology,Hoboken,NJ,2,0.3816,1305,28317,0.9625,0.6589,0.217,26500,0.7861,0.026,70600
The College of New Jersey,Ewing,NJ,1,0.4311,1235,11663,0.9347,0.5193,0.18,21500,0.8443,0.017,50600
The Richard Stockton College of New Jersey,Galloway,NJ,1,0.6211,1068,6960,0.868,0.667,0.3564,18750,0.6549,0.044,42600
William Paterson University of New Jersey,Wayne,NJ,1,0.6811,1010,9726,0.748,0.6629,0.3959,18750,0.5012,0.094,39100
Adelphi University,Garden City,NY,2,0.6814,1098,20803,0.8112,0.6059,0.2951,21325,0.6251,0.037,50000
Albany College of Pharmacy and Health Sciences,Albany,NY,2,0.634,1195,24032,0.8097,0.814,0.2215,24930.5,0.7235,0.01,110100
Alfred University,Alfred,NY,2,0.698,1106,8747,0.7463,0.7783,0.3804,21500,0.6216,0.069,36900
Barnard College,New York,NY,2,0.2053,1340,30150,0.9764,0.3183,0.1841,16000,0.8966,0.024,51200
Buffalo State SUNY,Buffalo,NY,1,0.4853,975,3990,0.7532,0.6466,0.4594,15895.5,0.4892,0.088,34500
Canisius College,Buffalo,NY,2,0.7251,1101,15382,0.802,0.6311,0.3012,20000,0.6749,0.051,40500
Clarkson University,Potsdam,NY,2,0.6403,1187,13925,0.87,0.7773,0.2813,24187,0.7287,0.024,57300
Colgate University,Hamilton,NY,2,0.2638,1370,29302,0.9312,0.2698,0.1154,15062.5,0.9086,0.027,55300
College of Mount Saint Vincent,Bronx,NY,2,0.731,919,17983,0.6687,0.9077,0.5515,25000,0.5152,0.079,48700
College of Staten Island CUNY,Staten Island,NY,1,0.9975,1000,3881,0.8286,0.188,0.4463,9000,0.2912,0.115,37700
Columbia University in the City of New York,New York,NY,2,0.0742,1471,31924,0.9734,0.2659,0.2154,17125,0.9329,0.02,89100
Concordia College-New York,Bronxville,NY,2,0.6701,912,16503,0.6852,0.6855,0.5181,20437.5,0.3937,0.084,40300
Cooper Union for the Advancement of Science and Art,New York,NY,2,0.0774,1358,3605,0.9558,0.1918,0.1766,17500,0.8265,0.049,49800
Cornell University,Ithaca,NY,2,0.1556,1422,24114,0.9677,0.3154,0.1636,11500,0.9334,0.015,78500
CUNY Bernard M Baruch College,New York,NY,1,0.2483,1225,6305,0.8762,0.142,0.4502,10000,0.6687,0.061,50200
CUNY Brooklyn College,Brooklyn,NY,1,0.3198,1100,4480,0.864,0.1893,0.4816,9500,0.51,0.083,40400
CUNY City College,New York,NY,1,0.341,1110,4376,0.8747,0.1914,0.5073,10000,0.4201,0.09,40300
CUNY Hunter College,New York,NY,1,0.2972,1160,5913,0.8669,0.1606,0.4097,9500,0.5038,0.053,40700
CUNY John Jay College of Criminal Justice,New York,NY,1,0.3405,950,3994,0.7795,0.1671,0.5446,8251,0.335,0.103,39200
CUNY Lehman College,Bronx,NY,1,0.2328,1020,4011,0.815,0.2383,0.5231,7500,0.3696,0.095,39800
CUNY Medgar Evers College,Brooklyn,NY,1,0.9141,838,2396,0.6471,0.1891,0.6159,5250,0.1017,0.163,33900
CUNY New York City College of Technology,Brooklyn,NY,1,0.768,937,3180,0.766,0.131,0.5842,6713.5,0.1437,0.141,35700
CUNY Queens College,Flushing,NY,1,0.3702,1100,4899,0.8444,0.1319,0.3807,9054,0.5635,0.065,42000
CUNY York College,Jamaica,NY,1,0.351,905,3308,0.7415,0.1087,0.5399,7000,0.2635,0.101,37100
D'Youville College,Buffalo,NY,2,0.7908,1047,16950,0.7875,0.7475,0.3558,20325,0.4112,0.082,48900
Davis College,Johnson City,NY,2,0.5859,928,9951,0.871,0.4429,0.46,12000,0.4211,0.097,26500
Dominican College of Blauvelt,Orangeburg,NY,2,0.7189,899,17452,0.6689,0.879,0.4339,19000,0.3565,0.071,44300
Elmira College,Elmira,NY,2,0.7978,1060,15061,0.736,0.7792,0.3478,21500,0.6265,0.071,38900
Farmingdale State College,Farmingdale,NY,1,0.5264,969,5323,0.8234,0.3193,0.2708,11000,0.4574,0.076,45000
Five Towns College,Dix Hills,NY,3,0.5509,894,12274,0.6667,0.7313,0.4221,17625,0.3968,0.15,30600
Fordham University,Bronx,NY,2,0.4713,1258,25968,0.9051,0.5467,0.2042,21500,0.8051,0.042,51000
Hamilton College,Clinton,NY,2,0.2719,1384,30431,0.9403,0.3445,0.1375,15500,0.9295,0.018,55400
Hartwick College,Oneonta,NY,2,0.8424,1126,21251,0.7175,0.6887,0.3228,19500,0.5708,0.052,37400
Hofstra University,Hempstead,NY,2,0.5871,1165,25982,0.7826,0.5565,0.2257,19150,0.6212,0.052,47500
Houghton College,Houghton,NY,2,0.9108,1113,14223,0.8755,0.6783,0.3758,19000,0.7386,0.024,38900
Iona College,New Rochelle,NY,2,0.9212,1009,19064,0.8269,0.5797,0.2424,21000,0.6258,0.043,45000
Le Moyne College,Syracuse,NY,2,0.619,1080,15271,0.875,0.697,0.3234,21216.5,0.7383,0.051,46100
LIM College,New York,NY,3,0.7502,907,23919,0.7336,0.677,0.3128,20000,0.4586,0.084,40700
LIU Brooklyn,Brooklyn,NY,2,0.869,921,23038,0.589,0.7197,0.6039,18325.5,0.3017,0.095,48300
LIU Post,Brookville,NY,2,0.8067,974,20243,0.717,0.3043,0.1752,18325.5,0.3902,0.095,48300
Manhattan College,Riverdale,NY,2,0.6617,1090,19807,0.8789,0.6361,0.2895,21500,0.7373,0.04,52300
Manhattanville College,Purchase,NY,2,0.7674,1075,16566,0.7524,0.6377,0.348,18750,0.5832,0.049,42600
Maria College of Albany,Albany,NY,2,0.1603,874,12633,0.75,0.753,0.4053,14652.5,0.2245,0.108,40600
Marymount Manhattan College,New York,NY,2,0.7463,1053,21397,0.6594,0.6687,0.2602,15516,0.4426,0.086,36800
Medaille College,Buffalo,NY,2,0.5429,865,14138,0.587,0.8454,0.493,17363,0.4914,0.091,37800
Molloy College,Rockville Centre,NY,2,0.7267,1054,20700,0.8909,0.7941,0.3316,25000,0.6622,0.039,56200
Morrisville State College,Morrisville,NY,1,0.5898,930,3329,0.6667,0.7502,0.5868,12000,0.2608,0.153,30400
Mount Saint Mary College,Newburgh,NY,2,0.86,1006,16976,0.6955,0.7213,0.3342,20910,0.522,0.061,44100
New York Institute of Technology,Old Westbury,NY,2,0.7407,1039,28199,0.7208,0.5407,0.3724,17250,0.4705,0.071,52200
New York School of Interior Design,New York,NY,2,0.4675,970,28158,0.7143,0.2874,0.168,22450,0.5556,0.031,40300
New York University,New York,NY,2,0.2605,1352,31648,0.925,0.4131,0.1987,21500,0.8331,0.025,59300
Niagara University,Niagara University,NY,2,0.6633,1038,13010,0.8072,0.644,0.2916,21000,0.6513,0.067,37600
Nyack College,Nyack,NY,2,0.9671,915,13307,0.7106,0.8471,0.5544,15750,0.4276,0.091,42700
Pace University-New York,New York,NY,2,0.7683,1043,20091,0.7599,0.5818,0.3557,19500,0.5146,0.059,51900
Paul Smiths College of Arts and Science,Paul Smiths,NY,2,0.7474,986,12425,0.6915,0.8197,0.4338,16750,0.4084,0.118,30500
Polytechnic Institute of New York University,Brooklyn,NY,2,0.7523,1303,23445,0.8792,0.5746,0.4471,21500,0.5714,0.025,59400
Pratt Institute-Main,Brooklyn,NY,2,0.5572,1140,27862,0.8673,0.4808,0.2622,23241,0.6277,0.066,36900
Rensselaer Polytechnic Institute,Troy,NY,2,0.412,1366,26147,0.9351,0.5866,0.166,27000,0.8494,0.019,67800
Roberts Wesleyan College,Rochester,NY,2,0.726,1046,15256,0.8571,0.8074,0.4377,20432,0.6057,0.049,40500
Rochester Institute of Technology,Rochester,NY,2,0.6016,1232,19189,0.8691,0.6848,0.3128,24500,0.6388,0.052,52900
Saint John Fisher College,Rochester,NY,2,0.6277,1095,16702,0.8322,0.7973,0.3206,21500,0.7253,0.044,41400
Saint Joseph's College-New York,Brooklyn,NY,2,0.7538,1054,14615,0.8371,0.5391,0.3161,19500,0.7158,0.042,48200
School of Visual Arts,New York,NY,3,0.7489,1020,30808,0.8293,0.4736,0.2451,23500,0.6459,0.071,34100
Siena College,Loudonville,NY,2,0.6805,1122,16661,0.8595,0.7079,0.2234,23000,0.7964,0.022,47900
Skidmore College,Saratoga Springs,NY,2,0.3505,1247,30105,0.9304,0.3211,0.1462,19500,0.8592,0.033,41300
St Bonaventure University,Saint Bonaventure,NY,2,0.7999,1075,14460,0.8066,0.7044,0.2888,21501,0.666,0.056,39800
St Francis College,Brooklyn Heights,NY,2,0.6433,940,12946,0.7959,0.5035,0.4315,15347.5,0.5209,0.112,41400
St John's University-New York,Queens,NY,2,0.5316,1093,21499,0.7962,0.5684,0.3083,20000,0.557,0.093,51900
St Thomas Aquinas College,Sparkill,NY,2,0.8224,931,17913,0.737,0.4761,0.2355,15000,0.5278,0.061,38000
State University of New York at New Paltz,New Paltz,NY,1,0.4359,1129,5708,0.8722,0.5366,0.2798,17500,0.7049,0.046,39500
Stony Brook University,Stony Brook,NY,1,0.3948,1253,7339,0.9009,0.4563,0.3515,17000,0.6593,0.051,49100
SUNY at Albany,Albany,NY,1,0.5545,1102,5818,0.815,0.6069,0.3747,16750,0.6638,0.059,44500
SUNY at Binghamton,Vestal,NY,1,0.4287,1297,6701,0.9074,0.4836,0.269,17750,0.8077,0.035,51600
SUNY at Fredonia,Fredonia,NY,1,0.5154,1056,4932,0.7757,0.705,0.3498,19000,0.6443,0.065,35300
SUNY at Purchase College,Purchase,NY,1,0.3319,1082,6128,0.824,0.5996,0.3178,19750,0.5971,0.062,31900
SUNY College at Brockport,Brockport,NY,1,0.4774,1069,4792,0.8079,0.7085,0.4081,17750,0.6676,0.056,38100
SUNY College at Cortland,Cortland,NY,1,0.4683,1058,5412,0.8289,0.6861,0.2687,18750,0.6951,0.036,39500
SUNY College at Geneseo,Geneseo,NY,1,0.4566,1274,5356,0.9025,0.4918,0.2269,18500,0.7794,0.02,42500
SUNY College at Old Westbury,Old Westbury,NY,1,0.5804,998,4018,0.7583,0.4717,0.4714,13821,0.3649,0.114,39400
SUNY College at Oswego,Oswego,NY,1,0.4863,1110,4850,0.7803,0.704,0.3913,18750,0.5785,0.07,37300
SUNY College at Plattsburgh,Plattsburgh,NY,1,0.4564,1026,5027,0.8376,0.6593,0.3528,18750,0.6033,0.07,37200
SUNY College of Agriculture and Technology at Cobleskill,Cobleskill,NY,1,0.7309,975,4023,0.7405,0.695,0.4835,11420.5,0.3388,0.108,31100
SUNY College of Environmental Science and Forestry,Syracuse,NY,1,0.5052,1155,4726,0.8567,0.5757,0.2676,17124,0.716,0.037,38500
SUNY College of Technology at Alfred,Alfred,NY,1,0.5494,1090,3258,0.8512,0.7387,0.5088,12000,0.4693,0.106,36200
SUNY Institute of Technology at Utica-Rome,Utica,NY,1,0.4754,1053,5228,0.8384,0.5446,0.3845,13193.5,0.4778,0.063,46300
SUNY Maritime College,Throggs Neck,NY,1,0.6396,1056,6028,0.7933,0.5434,0.2311,21980,0.5014,0.065,69400
SUNY Oneonta,Oneonta,NY,1,0.5073,1097,4624,0.8741,0.6255,0.2871,20500,0.6978,0.065,37200
Syracuse University,Syracuse,NY,2,0.4949,1158,21538,0.919,0.5699,0.2677,27000,0.8108,0.037,50600
The College of New Rochelle,New Rochelle,NY,2,0.5695,986,12484,0.6206,0.6525,0.7552,16000,0.2634,0.169,36300
The New School,New York,NY,2,0.6659,1131,25271,0.8276,0.4127,0.2361,20500,0.6336,0.053,43300
Union College,Schenectady,NY,2,0.3728,1313,27943,0.9171,0.5721,0.1557,24334,0.8804,0.014,54600
University at Buffalo,Buffalo,NY,1,0.5652,1158,7732,0.8759,0.4677,0.2835,15200,0.72,0.045,47000
University of Rochester,Rochester,NY,2,0.3568,1353,21174,0.9605,0.5253,0.1844,24325.5,0.8518,0.025,54000
Utica College,Utica,NY,2,0.8542,946,15638,0.7194,0.7214,0.3817,18000,0.4715,0.085,38300
Vassar College,Poughkeepsie,NY,2,0.2411,1394,24134,0.9559,0.3716,0.2199,16590,0.9365,0.003,43300
Vaughn College of Aeronautics and Technology,Flushing,NY,2,0.7706,989,14328,0.7674,0.6926,0.6509,14250,0.3646,0.141,43800
Wagner College,Staten Island,NY,2,0.6988,1154,22283,0.8803,0.6318,0.1904,22875,0.6136,0.037,49200
Wells College,Aurora,NY,2,0.5967,1075,13966,0.7259,0.8233,0.485,17875,0.5805,0.05,30300
Yeshiva University,New York,NY,2,0.8216,1217,22428,0.929,0.2656,0.181,15358.5,0.8519,0.033,53700
Albright College,Reading,PA,2,0.6231,1033,14776,0.7146,0.8536,0.4075,24562.5,0.5371,0.067,42500
Allegheny College,Meadville,PA,2,0.6487,1182,19263,0.8545,0.6808,0.2621,27000,0.7917,0.026,41100
Alvernia University,Reading,PA,2,0.7762,976,16643,0.7105,0.6131,0.346,22500,0.5132,0.069,40400
Arcadia University,Glenside,PA,2,0.5969,1095,16331,0.854,0.7796,0.337,22000,0.605,0.049,38600
Baptist Bible College & Seminary of Pennsylvania,Clarks Summit,PA,2,0.8576,1016,10008,0.7532,0.5092,0.5277,13000,0.4969,0.036,27700
Bloomsburg University of Pennsylvania,Bloomsburg,PA,1,0.8856,990,7691,0.8063,0.6848,0.3037,18750,0.6182,0.063,39800
Bryn Mawr College,Bryn Mawr,PA,2,0.3992,1334,23516,0.9068,0.4667,0.1861,22650,0.8409,0.018,43000
Bucknell University,Lewisburg,PA,2,0.2951,1306,30266,0.941,0.4098,0.1061,25000,0.9076,0.013,59300
Cabrini College,Radnor,PA,2,0.7428,896,13361,0.712,0.625,0.308,14875,0.4561,0.055,39600
Cairn University-Langhorne,Langhorne,PA,2,0.5131,1008,10853,0.7482,0.8416,0.444,21540,0.6988,0.051,33500
California University of Pennsylvania,California,PA,1,0.9269,964,8093,0.7981,0.7454,0.3803,19168,0.4976,0.08,35400
Carlow University,Pittsburgh,PA,2,0.9522,946,15874,0.719,0.6302,0.356,21500,0.6231,0.058,37800
Carnegie Mellon University,Pittsburgh,PA,2,0.2549,1432,27890,0.9422,0.3964,0.137,23000,0.8799,0.009,82200
Cedar Crest College,Allentown,PA,2,0.588,948,16566,0.669,0.8337,0.4253,23250,0.5991,0.073,42900
Chestnut Hill College,Philadelphia,PA,2,0.5785,960,14874,0.7238,0.833,0.4915,23500,0.4188,0.076,38500
Clarion University of Pennsylvania,Clarion,PA,1,0.9348,915,7400,0.7572,0.7167,0.388,19000,0.5286,0.081,34000
Delaware Valley College,Doylestown,PA,2,0.6834,1005,16920,0.6724,0.7023,0.274,19500,0.5684,0.053,35100
DeSales University,Center Valley,PA,2,0.758,1069,15389,0.8509,0.6649,0.2666,19500,0.7033,0.031,44200
Dickinson College,Carlisle,PA,2,0.4444,1285,26821,0.8985,0.4329,0.1215,19545,0.8562,0.017,49300
Drexel University,Philadelphia,PA,2,0.815,1197,23329,0.8644,0.5641,0.2021,17027.5,0.6951,0.035,59100
Duquesne University,Pittsburgh,PA,2,0.7409,1122,19958,0.8761,0.6763,0.2023,25500,0.7688,0.028,57400
East Stroudsburg University of Pennsylvania,East Stroudsburg,PA,1,0.7844,946,9230,0.7128,0.65,0.3029,16750,0.5604,0.051,38400
Eastern University,Saint Davids,PA,2,0.6409,1041,12413,0.8033,0.7542,0.4091,20927,0.5466,0.089,42200
Edinboro University of Pennsylvania,Edinboro,PA,1,0.8735,930,5789,0.723,0.7777,0.4558,18750,0.4175,0.105,31900
Elizabethtown College,Elizabethtown,PA,2,0.6957,1117,20211,0.8167,0.7321,0.2175,23872.5,0.7741,0.036,43700
Gannon University,Erie,PA,2,0.8042,1050,14875,0.7879,0.6779,0.3185,22068,0.6508,0.075,45500
Geneva College,Beaver Falls,PA,2,0.6802,1070,12654,0.7699,0.9085,0.3866,20593,0.6695,0.066,39000
Gettysburg College,Gettysburg,PA,2,0.4163,1282,27513,0.8817,0.5473,0.1404,19957,0.8357,0.026,47000
Gwynedd Mercy University,Gwynedd Valley,PA,2,0.6591,944,15429,0.8222,0.7278,0.3351,20250,0.6598,0.077,50700
Haverford College,Haverford,PA,2,0.2349,1400,25687,0.9783,0.2033,0.1502,13399,0.9333,0.033,56000
Holy Family University,Philadelphia,PA,2,0.7585,933,16634,0.7792,0.7181,0.3558,22498.5,0.5461,0.044,46500
Immaculata University,Immaculata,PA,2,0.7964,943,11628,0.8197,0.5862,0.2234,22000,0.4828,0.061,50500
Indiana University of Pennsylvania-Main Campus,Indiana,PA,1,0.9049,973,7816,0.734,0.7292,0.362,20500,0.5119,0.088,35100
Keystone College,La Plume,PA,2,0.7205,901,10472,0.7148,0.6641,0.4479,16836,0.4221,0.096,28800
Kutztown University of Pennsylvania,Kutztown,PA,1,0.8179,959,7387,0.7291,0.7281,0.316,18750,0.5482,0.067,35700
La Roche College,Pittsburgh,PA,2,0.5565,931,15204,0.719,0.7718,0.3833,18750,0.4558,0.065,37300
La Salle University,Philadelphia,PA,2,0.8021,996,16930,0.825,0.6918,0.3598,20616.5,0.6443,0.038,48900
Lafayette College,Easton,PA,2,0.3414,1283,26630,0.9126,0.4236,0.1065,21648,0.8832,0.016,64700
Lancaster Bible College,Lancaster,PA,2,0.5813,982,12076,0.7164,0.667,0.4096,12000,0.6952,0.043,28800
Lebanon Valley College,Annville,PA,2,0.6686,1112,17637,0.8267,0.7317,0.2282,24500,0.7311,0.014,40300
Lehigh University,Bethlehem,PA,2,0.3084,1322,25245,0.9392,0.4495,0.1472,22500,0.8584,0.009,68900
Lincoln University of Pennsylvania,Lincoln University,PA,1,0.6133,853,10811,0.7159,0.8911,0.6429,24376,0.3984,0.233,31400
Lock Haven University,Lock Haven,PA,1,0.8777,937,6779,0.7025,0.7814,0.3919,18162,0.4733,0.08,36700
Lycoming College,Williamsport,PA,2,0.7162,1047,14021,0.7944,0.7829,0.3264,27000,0.6391,0.066,39100
Mansfield University of Pennsylvania,Mansfield,PA,1,0.9229,964,6264,0.7193,0.7758,0.4394,19000,0.4962,0.105,35400
Marywood University,Scranton,PA,2,0.713,1050,16335,0.8128,0.7829,0.3528,23250,0.6511,0.071,35300
Mercyhurst University,Erie,PA,2,0.7536,1064,12726,0.8003,0.7072,0.3155,16000,0.6047,0.129,37800
Messiah College,Mechanicsburg,PA,2,0.659,1154,16857,0.8658,0.668,0.2044,23000,0.758,0.026,39100
Millersville University of Pennsylvania,Millersville,PA,1,0.7186,1014,7466,0.8112,0.6789,0.3148,18500,0.6078,0.055,37500
Misericordia University,Dallas,PA,2,0.6489,1057,15841,0.8102,0.7211,0.2892,22212.5,0.6923,0.068,47800
Moore College of Art and Design,Philadelphia,PA,2,0.5632,982,23067,0.7885,0.8133,0.4336,26991,0.5758,0.09,32100
Mount Aloysius College,Cresson,PA,2,0.6876,915,14007,0.6011,0.7339,0.4285,15111.5,0.37,0.072,37300
Muhlenberg College,Allentown,PA,2,0.4616,1246,22437,0.9071,0.41,0.0784,24187,0.8584,0.028,49000
Neumann University,Aston,PA,2,0.5531,861,18159,0.6585,0.8048,0.3874,20000,0.5019,0.093,38300
Pennsylvania College of Health Sciences,Lancaster,PA,2,0.5201,955,13823,0,0.6735,0.3593,15250,0.6338,0.026,49800
Pennsylvania State University-Main Campus,University Park,PA,1,0.542,1199,24891,0.9236,0.522,0.1768,21500,0.8484,0.077,44900
Pennsylvania State University-Penn State Abington,Abington,PA,1,0.7774,942,5393,0.7689,0.6044,0.4156,21500,0.4803,0.077,44900
Pennsylvania State University-Penn State Altoona,Altoona,PA,1,0.8519,990,6419,0.8294,0.715,0.3329,21500,0.688,0.077,44900
Pennsylvania State University-Penn State Beaver,Monaca,PA,1,0.8731,955,7505,0.6766,0.6653,0.365,21500,0.4333,0.077,44900
Pennsylvania State University-Penn State Berks,Reading,PA,1,0.8307,988,6362,0.7765,0.6832,0.3405,21500,0.5652,0.077,44900
Pennsylvania State University-Penn State Brandywine,Media,PA,1,0.7905,968,6072,0.7354,0.6186,0.3403,21500,0.441,0.077,44900
Pennsylvania State University-Penn State Dubois,DuBois,PA,1,0.8793,951,9136,0.7698,0.6989,0.4602,21500,0.5591,0.077,44900
Pennsylvania State University-Penn State Erie-Behrend College,Erie,PA,1,0.8408,1052,7616,0.8324,0.7036,0.3156,21500,0.6995,0.077,44900
Pennsylvania State University-Penn State Fayette- Eberly,Lemont Furnace,PA,1,0.8918,940,7046,0.7372,0.7439,0.4844,21500,0.4684,0.077,44900
Pennsylvania State University-Penn State Greater Allegheny,McKeesport,PA,1,0.7983,957,8544,0.7098,0.7543,0.5024,21500,0.4556,0.077,44900
Pennsylvania State University-Penn State Harrisburg,Middletown,PA,1,0.7994,1027,8498,0.8194,0.6392,0.3456,21500,0.6086,0.077,44900
Pennsylvania State University-Penn State Hazleton,Hazleton,PA,1,0.8634,948,7148,0.762,0.7547,0.4557,21500,0.536,0.077,44900
Pennsylvania State University-Penn State Lehigh Valley,Center Valley,PA,1,0.8548,1004,6408,0.8113,0.5832,0.3572,21500,0.5481,0.077,44900
Pennsylvania State University-Penn State Mont Alto,Mont Alto,PA,1,0.8271,960,7317,0.7361,0.6989,0.3888,21500,0.5199,0.077,44900
Pennsylvania State University-Penn State New Kensington,New Kensington,PA,1,0.7379,991,8237,0.7143,0.6545,0.3371,21500,0.5369,0.077,44900
Pennsylvania State University-Penn State Schuylkill,Schuylkill Haven,PA,1,0.811,850,7959,0.7079,0.7716,0.5283,21500,0.4277,0.077,44900
Pennsylvania State University-Penn State Shenango,Sharon,PA,1,0.6943,889,8130,0.7727,0.7422,0.5467,21500,0.3134,0.077,44900
Pennsylvania State University-Penn State Wilkes-Barre,Lehman,PA,1,0.8199,995,7030,0.8125,0.6823,0.3355,21500,0.5029,0.077,44900
Pennsylvania State University-Penn State Worthington Scranton,Dunmore,PA,1,0.8186,941,7842,0.6537,0.7245,0.4652,21500,0.4608,0.077,44900
Pennsylvania State University-Penn State York,York,PA,1,0.845,984,7920,0.7624,0.5671,0.3143,21500,0.4954,0.077,44900
Philadelphia University,Philadelphia,PA,2,0.6408,1062,19202,0.7458,0.7216,0.3026,24750,0.5827,0.038,42000
Point Park University,Pittsburgh,PA,2,0.7393,997,17100,0.7558,0.7719,0.4194,22250,0.4978,0.112,35800
Robert Morris University,Moon Township,PA,2,0.8051,1041,16370,0.8054,0.7034,0.3466,21500,0.5587,0.049,40000
Rosemont College,Rosemont,PA,2,0.5838,927,14759,0.7067,0.8416,0.5382,25000,0.4559,0.072,42900
Saint Francis University,Loretto,PA,2,0.7606,1026,13397,0.8225,0.6303,0.224,26123,0.7146,0.048,46100
Saint Joseph's University,Philadelphia,PA,2,0.7873,1110,23462,0.8902,0.5054,0.1357,20500,0.7851,0.044,51100
Saint Vincent College,Latrobe,PA,2,0.6875,1035,12554,0.8525,0.7069,0.2912,25000,0.6998,0.047,40800
Seton Hill University,Greensburg,PA,2,0.652,1032,14168,0.7834,0.7153,0.3169,22131,0.6113,0.066,37100
Shippensburg University of Pennsylvania,Shippensburg,PA,1,0.8341,980,7165,0.7135,0.7063,0.3021,18000,0.5483,0.057,39900
Slippery Rock University of Pennsylvania,Slippery Rock,PA,1,0.6698,1002,6800,0.8236,0.7326,0.322,20500,0.6262,0.052,35700
Susquehanna University,Selinsgrove,PA,2,0.7233,1129,18087,0.8384,0.6926,0.2248,21000,0.747,0.037,47000
Swarthmore College,Swarthmore,PA,2,0.1432,1442,25716,0.955,0.2616,0.1411,17718.5,0.9342,0,50700
Temple University,Philadelphia,PA,1,0.6387,1121,18854,0.8883,0.6583,0.3352,21700,0.6632,0.056,46400
The University of the Arts,Philadelphia,PA,2,0.7539,1010,20199,0.8162,0.6763,0.3185,25394,0.6378,0.088,28000
Thiel College,Greenville,PA,2,0.655,967,13482,0.6544,0.847,0.458,20500,0.3444,0.138,32800
University of Pennsylvania,Philadelphia,PA,2,0.1224,1442,36792,0.9778,0.2328,0.1417,19500,0.9569,0.013,102200
University of Pittsburgh-Bradford,Bradford,PA,1,0.8532,973,11148,0.7,0.7833,0.4526,22000,0.5189,0.042,47600
University of Pittsburgh-Greensburg,Greensburg,PA,1,0.9311,1017,11828,0.8299,0.7191,0.52,22000,0.5329,0.042,47600
University of Pittsburgh-Johnstown,Johnstown,PA,1,0.9038,1021,12242,0.7461,0.7285,0.3056,22000,0.5501,0.042,47600
University of Pittsburgh-Pittsburgh Campus,Pittsburgh,PA,1,0.5613,1258,16043,0.9087,0.5513,0.1706,22000,0.8044,0.042,47600
University of Scranton,Scranton,PA,2,0.7503,1121,19604,0.9032,0.6741,0.2014,26442,0.8176,0.04,50600
University of the Sciences,Philadelphia,PA,2,0.5635,1165,22447,0.8799,0.7424,0.2632,27000,0.7181,0.024,87000
Ursinus College,Collegeville,PA,2,0.6633,1182,20898,0.8925,0.6988,0.2155,27000,0.7906,0.029,45200
Valley Forge Christian College,Phoenixville,PA,2,0.6585,977,13075,0.7362,0.7085,0.4295,21956,0.4176,0.107,28300
Villanova University,Villanova,PA,2,0.489,1316,26055,0.9402,0.4356,0.1156,25000,0.9008,0.02,66300
Waynesburg University,Waynesburg,PA,2,0.7523,1015,11867,0.8148,0.8301,0.3399,23000,0.5398,0.051,42000
West Chester University of Pennsylvania,West Chester,PA,1,0.5156,1105,8550,0.8736,0.6315,0.2406,19695.5,0.6864,0.052,41200
Westminster College,New Wilmington,PA,2,0.7336,1040,12438,0.8639,0.7551,0.3058,26000,0.7653,0.026,37500
Widener University-Main Campus,Chester,PA,2,0.6726,1025,21499,0.7549,0.7225,0.2699,20850,0.5601,0.058,51300
Wilkes University,Wilkes-Barre,PA,2,0.7598,1060,14551,0.7844,0.7381,0.3102,20255.5,0.579,0.051,51000
Wilson College,Chambersburg,PA,2,0.5267,993,11650,0.5333,0.7069,0.3768,23111.5,0.5732,0.08,31400
York College Pennsylvania,York,PA,2,0.7351,1045,13678,0.7489,0.6847,0.2422,20500,0.5777,0.049,43400
Brown University,Providence,RI,2,0.0918,1425,29320,0.9714,0.2317,0.1444,15164,0.9452,0.013,65600
Bryant University,Smithfield,RI,2,0.7655,1137,22197,0.9026,0.6148,0.1676,26706,0.8198,0.025,53800
Providence College,Providence,RI,2,0.5979,1158,23856,0.9078,0.5326,0.1341,27000,0.8504,0.023,53000
Rhode Island College,Providence,RI,1,0.6915,930,6412,0.7746,0.5734,0.3896,15462,0.4292,0.063,35300
Rhode Island School of Design,Providence,RI,2,0.2731,1239,33690,0.9263,0.3907,0.1537,25000,0.8732,0.033,38100
Salve Regina University,Newport,RI,2,0.6706,1109,18737,0.7904,0.7204,0.2333,26303.5,0.6403,0.027,43700
University of Rhode Island,Kingston,RI,1,0.7871,1076,12828,0.8128,0.7029,0.2674,19500,0.6344,0.073,46100
Castleton State College,Castleton,VT,1,0.9205,954,12064,0.7447,0.7801,0.3476,18625,0.5149,0.079,31900
Champlain College,Burlington,VT,2,0.7079,1122,22040,0.7887,0.6359,0.2488,21500,0.5763,0.058,38200
College of St Joseph,Rutland,VT,2,0.6831,842,12781,0.7273,0.648,0.5251,14250,0.2059,0.131,35800
Johnson State College,Johnson,VT,1,0.9688,948,10824,0.6186,0.735,0.4962,18000,0.3659,0.134,29600
Lyndon State College,Lyndonville,VT,1,0.9934,930,11502,0.6437,0.7837,0.4411,14200,0.3506,0.125,30000
Middlebury College,Middlebury,VT,2,0.1716,1391,42339,0.9515,0.2514,0.1103,17777.5,0.936,0.016,56300
Norwich University,Northfield,VT,2,0.6349,1065,13149,0.7496,0.6959,0.2628,23000,0.5672,0.052,42000
Saint Michael's College,Colchester,VT,2,0.7511,1173,22999,0.8787,0.7463,0.1725,25000,0.7481,0.028,41600
Southern Vermont College,Bennington,VT,2,0.994,883,12181,0.6637,0.8757,0.5171,14250,0.3478,0.13,33200
University of Vermont,Burlington,VT,1,0.7755,1190,21995,0.8577,0.4674,0.1948,18878,0.7582,0.038,41400
Vermont Technical College,Randolph Center,VT,1,0.8257,933,12309,0.6991,0.6591,0.3848,13000,0.4839,0.068,39700
