ADM_RATE,SAT_AVG,TUITFTE,RET_FT4,PCTFLOAN,PCTPELL,DEBT_MDN,CDR3,C150_4
0.7474,986,12425,0.6915,0.8197,0.4338,16750,0.118,3
0.9646,928,12358,0.5256,0.7681,0.506,14397,0.075,4
0.5154,1056,4932,0.7757,0.705,0.3498,19000,0.065,7
0.6404,1147,8653,0.8364,0.4022,0.1979,15799,0.044,7
0.8023,1145,11705,0.844,0.4784,0.3376,16250,0.085,6
0.6957,1029,9051,0.663,0.592,0.3514,14250,0.059,4
0.9183,1050,6843,0.7476,0.5991,0.4152,16563,0.124,4
0.6798,1151,19608,0.8118,0.7279,0.4674,20000,0.057,7
0.5951,1210,11793,0.9093,0.5591,0.3105,19500,0.052,9
0.467,1024,8624,0.6744,0.5491,0.3368,15000,0.099,2
0.5695,986,12484,0.6206,0.6525,0.7552,16000,0.169,1
0.1843,1392,26455,0.9666,0.2301,0.0958,18543,0.011,10
0.672,1135,17280,0.884,0.6347,0.2497,24000,0.03,8
0.1556,1422,24114,0.9677,0.3154,0.1636,11500,0.015,10
0.8096,1110,7290,0.8004,0.421,0.1542,16672,0.017,8
0.7247,1009,8604,0.7012,0.6873,0.343,17500,0.117,5
0.7611,1142,13159,0.8678,0.6802,0.3376,19909,0.06,7
0.8486,1049,4509,0.7551,0.5002,0.3442,13496.5,0.051,5
0.3116,1313,23186,0.9373,0.4229,0.2005,18370,0.017,10
0.5308,1027,10693,0.6736,0.7911,0.3881,19450,0.084,6
0.7318,1075,13381,0.6284,0.5765,0.4868,12500,0.09,4
0.2951,1306,30266,0.941,0.4098,0.1061,25000,0.013,10
0.716,964,12865,0.5763,0.8233,0.4646,16000,0.116,4
0.8408,1052,7616,0.8324,0.7036,0.3156,21500,0.077,8
0.7873,1110,23462,0.8902,0.5054,0.1357,20500,0.044,9
0.8302,1048,9518,0.7774,0.6339,0.3443,16500,0.147,5
0.3668,826,10822,0.5614,0.834,0.6938,18750,0.274,4
0.8603,953,5374,0.7281,0.6135,0.4923,14385,0.061,3
0.4524,1168,5963,0.8878,0.4783,0.4127,16954,0.074,7
0.7831,891,12774,0.6044,0.7619,0.4037,20000,0.108,2
0.9311,1021,16202,0.6736,0.6506,0.3669,12500,0.1,4
0.6258,1055,10047,0.8515,0.8076,0.4828,17250,0.065,7
0.8102,1030,14552,0.777,0.7329,0.3424,22375,0.049,7
0.5736,1030,14846,0.7566,0.7378,0.4107,21333.5,0.098,7
0.7964,943,11628,0.8197,0.5862,0.2234,22000,0.061,4
0.423,1078,14692,0.6973,0.6157,0.3034,17348.5,0.069,6
0.5764,1288,18208,0.9259,0.3979,0.1426,22991,0.042,9
0.2732,802,9451,0.509,0.8214,0.841,11351,0.258,1
0.6861,1140,10316,0.8253,0.4597,0.2481,14000,0.072,7
0.3838,1328,25125,0.9574,0.5195,0.1026,16491,0.015,10
0.2759,1313,11914,0.9609,0.3192,0.2053,15000,0.023,10
0.663,1116,8919,0.8233,0.4932,0.289,17750,0.076,6
0.854,937,4444,0.6585,0.4357,0.4086,11780,0.198,2
0.9269,964,8093,0.7981,0.7454,0.3803,19168,0.08,5
0.8889,735,18909,1,0.7407,0.5185,21747,0.066,9
0.8371,1114,7992,0.8282,0.4661,0.255,15500,0.047,8
0.5397,957,14521,0.7158,0.6679,0.4725,25000,0.065,3
0.7843,878,7629,0.6667,0.9395,0.7909,10001,0.254,1
0.6121,1215,16598,0.9221,0.4277,0.1879,21000,0.03,9
0.6805,1122,16661,0.8595,0.7079,0.2234,23000,0.022,9
0.1386,666,8204,0.6273,0.8983,0.8758,9000,0.237,1
0.4106,963,16798,0.6111,0.7529,0.4072,21000,0.049,3
0.2092,1387,27711,0.9508,0.3615,0.1837,17625,0.015,10
0.1495,1423,30863,0.9654,0.1963,0.1376,18000,0.006,10
0.7538,1054,14615,0.8371,0.5391,0.3161,19500,0.042,8
0.7218,954,4733,0.6105,0.3509,0.278,12285.5,0.137,1
0.6365,1125,16358,0.788,0.6976,0.2388,20000,0.054,7
0.6579,1024,4700,0.7663,0.4679,0.3467,11625,0.063,4
0.7561,950,12247,0.682,0.6489,0.4213,21500,0.053,4
0.851,1090,6228,0.7525,0.5083,0.3198,15000,0.079,5
0.876,1057,14109,0.8289,0.5742,0.3656,19843,0.061,4
0.3751,1070,14877,0.7859,0.5554,0.3155,23000,0.076,7
0.905,1070,10722,0.8799,0.6008,0.3618,20000,0.071,7
0.5362,981,14943,0.6991,0.7907,0.4216,20000,0.044,5
0.6482,1106,6667,0.7851,0.5046,0.3415,15500,0.083,7
0.7211,987,6004,0.7808,0.6887,0.3416,15529.5,0.078,5
0.8067,974,20243,0.717,0.3043,0.1752,18325.5,0.095,3
0.5747,1215,19090,0.8825,0.4916,0.22,21000,0.048,8
0.2272,825,3148,0.5296,0.7721,0.69,20969,0.159,1
0.18,1350,16733,0.9637,0.3021,0.3237,14480,0.038,10
0.8735,930,5789,0.723,0.7777,0.4558,18750,0.105,4
0.8431,1084,18311,0.6875,0.4813,0.231,19000,0.047,6
0.4655,1272,7411,0.9646,0.3506,0.3207,14546,0.036,10
0.972,1079,14013,0.7773,0.6487,0.4199,14000,0.046,4
0.8532,973,11148,0.7,0.7833,0.4526,22000,0.042,5
0.5969,1095,16331,0.854,0.7796,0.337,22000,0.049,7
0.5573,1007,5521,0.7,0.5697,0.5299,12750,0.18,5
0.4894,1175,5069,0.8711,0.4547,0.3771,15000,0.054,7
0.7916,1121,22466,0.8309,0.5785,0.2905,19500,0.028,7
0.7313,1030,7488,0.722,0.6408,0.3848,14601,0.121,4
0.5818,1010,8892,0.722,0.7042,0.4312,15882.5,0.083,3
0.6825,1060,18008,0.7826,0.7824,0.4424,27000,0.054,6
0.6689,1240,17262,0.9192,0.5149,0.1856,24000,0.013,9
0.5667,938,5615,0.6683,0.7148,0.5603,19250,0.11,3
0.4339,982,9336,0.6612,0.4495,0.3685,19000,0.079,7
0.9617,1125,11021,0.8492,0.6873,0.3518,14999,0.028,8
0.8092,1028,6530,0.7079,0.6883,0.4192,12542,0.134,2
0.3321,1358,16797,0.9562,0.2944,0.1175,19500,0.009,10
0.8309,996,5645,0.6719,0.4984,0.3675,15517,0.109,1
0.5639,1143,15567,0.8056,0.6172,0.2366,22500,0.053,8
0.7994,1027,8498,0.8194,0.6392,0.3456,21500,0.077,7
0.8331,1030,5818,0.83,0.6131,0.2704,18500,0.048,7
0.7774,942,5393,0.7689,0.6044,0.4156,21500,0.077,4
0.5079,851,9292,0.6027,0.8187,0.7041,21750,0.226,2
0.6016,1232,19189,0.8691,0.6848,0.3128,24500,0.052,7
0.4044,1332,28909,0.9134,0.3559,0.1855,18750,0.028,9
0.6468,1178,17724,0.9191,0.4917,0.1192,21000,0.037,9
0.2719,1384,30431,0.9403,0.3445,0.1375,15500,0.018,10
0.6448,964,9384,0.701,0.7319,0.417,9500,0.167,4
0.8788,1090,6878,0.7649,0.5899,0.2876,15463,0.064,6
0.5545,1102,5818,0.815,0.6069,0.3747,16750,0.059,7
0.5687,998,5908,0.6729,0.601,0.448,16074,0.129,4
0.6659,1131,25271,0.8276,0.4127,0.2361,20500,0.053,7
0.5815,920,3990,0.8323,0.3628,0.5407,14500,0.065,4
0.4564,1026,5027,0.8376,0.6593,0.3528,18750,0.07,7
0.8044,1176,10362,0.8395,0.3806,0.2491,15750,0.049,7
0.7249,1199,10296,0.8563,0.4396,0.2991,15250,0.06,7
0.7244,895,10550,0.6543,0.5895,0.3331,18059.5,0.093,4
0.6118,1001,8071,0.7019,0.74,0.5093,16703,0.054,4
0.4177,939,14382,0.6866,0.781,0.4955,21500,0.092,4
0.3774,860,7858,0.5167,0.679,0.5945,14750,0.286,1
0.8349,1030,3410,0.6621,0.3237,0.2997,12500,0.105,2
0.8924,993,6118,0.5934,0.5873,0.3475,13575,0.08,2
0.6905,991,11740,0.6625,0.6589,0.3782,10250,0.083,4
0.5543,984,5949,0.6648,0.607,0.4559,14750,0.114,2
0.6385,923,16601,0.6361,0.7347,0.4859,17500,0.091,1
0.6408,1062,19202,0.7458,0.7216,0.3026,24750,0.038,6
0.5141,1070,15719,0.7909,0.7678,0.3653,21000,0.036,6
0.5902,1161,6688,0.8394,0.5097,0.1665,19736.5,0.027,7
0.5862,977,13821,0.6477,0.7371,0.4511,20834,0.089,2
0.7295,1104,10625,0.7862,0.518,0.2339,14457,0.15,7
0.6524,1070,15202,0.7941,0.6967,0.3852,25000,0.081,3
0.8371,970,7625,0.6321,0.6476,0.4006,10750,0.131,1
0.6409,1041,12413,0.8033,0.7542,0.4091,20927,0.089,5
0.875,1049,5566,0.6504,0.4633,0.3175,10500,0.072,2
0.6002,1009,5757,0.7149,0.5983,0.4278,14921.5,0.128,3
0.66,1121,15548,0.8014,0.5209,0.2254,18797,0.062,7
0.786,991,7711,0.814,0.5298,0.2372,19250,0.079,6
0.5873,930,24896,0.6296,0.6713,0.6154,12000,0.05,6
0.7165,1070,14258,0.8069,0.6392,0.1575,23250,0.028,8
0.5365,980,8213,0.614,0.6239,0.3839,10500,0.056,1
0.3948,1253,7339,0.9009,0.4563,0.3515,17000,0.051,7
0.7365,1145,20151,0.8482,0.7405,0.1673,27000,0.019,8
0.7696,1021,10171,0.651,0.6791,0.3665,15300,0.114,7
0.6499,999,7143,0.7752,0.6009,0.4338,16490,0.105,5
0.5991,1087,11066,0.8879,0.5586,0.4459,16500,0.057,8
0.6698,1002,6800,0.8236,0.7326,0.322,20500,0.052,7
0.6458,1038,5090,0.7769,0.3877,0.3846,14164.5,0.13,4
0.6842,1008,12964,0.7879,0.7595,0.5949,18500,0.106,4
0.7225,961,9276,0.5,0.753,0.5874,20070,0.114,2
0.7146,1061,11590,0.7204,0.6932,0.4386,12000,0.009,4
0.8252,1145,9395,0.8713,0.5519,0.2263,19750,0.051,8
0.5696,1327,27409,0.9396,0.3587,0.104,14600,0.017,10
0.3856,969,6222,0.6488,0.7577,0.6175,12033,0.189,4
0.1532,1458,28590,0.9769,0.3456,0.1416,18234,0.013,10
0.6398,1011,9158,0.7381,0.7528,0.447,19114.5,0.129,3
0.6872,910,6821,0.7753,0.3844,0.4426,12500,0.058,3
0.7219,1243,5045,0.874,0.437,0.1895,17500,0.038,8
0.8975,863,16550,0.8909,0.7912,0.4936,17235.5,0.092,10
0.6171,1166,12732,0.7879,0.7199,0.283,21875,0.059,7
0.2999,1362,17576,0.97,0.2414,0.1205,17746,0.017,10
0.7306,1020,11082,0.6667,0.5114,0.2473,23128.5,0.029,4
0.7351,1045,13678,0.7489,0.6847,0.2422,20500,0.049,6
0.8802,1105,11958,0.7892,0.7337,0.2972,22500,0.035,7
0.7239,1050,9944,0.6696,0.5203,0.3118,20500,0.081,5
0.826,1090,9810,0.8165,0.642,0.3632,20898.5,0.051,8
0.4478,942,3799,0.5176,0.5265,0.4612,12916,0.142,1
0.6027,1248,21020,0.9073,0.167,0.1756,16000,0.048,9
0.8423,1027,11171,0.7099,0.7178,0.4377,24583,0.066,4
0.4842,1033,8025,0.6,0.7219,0.5109,19500,0.056,3
0.5953,850,16433,0.5597,0.773,0.5043,16000,0.139,2
0.6631,1082,6081,0.7162,0.6934,0.4644,16600,0.12,4
0.7225,934,6358,0.5476,0.8535,0.6241,10250,0.106,2
0.6591,944,15429,0.8222,0.7278,0.3351,20250,0.077,7
0.9485,1144,16210,0.8504,0.6746,0.27,20500,0.036,8
0.1055,1534,15679,0.9659,0.2508,0.1063,14583,0,10
0.69,1171,15801,0.8202,0.6878,0.4101,21500,0.066,6
0.8968,1036,10933,0.6554,0.5406,0.3604,19192,0.067,5
0.5932,955,12284,0.6868,0.6401,0.4179,14250,0.056,3
0.5997,1031,14554,0.8247,0.6566,0.4401,18656,0.058,7
0.3826,1050,14698,0.7696,0.5863,0.3764,18554,0.063,6
0.1984,1380,29928,0.9599,0.3826,0.2308,21500,0.018,10
0.6273,825,12333,0.5597,0.6564,0.5754,9320.5,0.153,3
0.6453,1017,6540,0.781,0.6099,0.2644,17500,0.058,5
0.4,855,14657,0.6167,0.5559,0.4061,15500,0.179,2
0.9049,973,7816,0.734,0.7292,0.362,20500,0.088,5
0.5493,1352,12234,0.9552,0.3387,0.1932,20750,0.025,9
0.5036,1072,7042,0.6748,0.3476,0.3202,11750,0.09,2
0.6957,1117,20211,0.8167,0.7321,0.2175,23872.5,0.036,9
0.412,1366,26147,0.9351,0.5866,0.166,27000,0.019,10
0.4312,1258,30523,0.8821,0.4603,0.1565,19500,0.033,9
0.758,1069,15389,0.8509,0.6649,0.2666,19500,0.031,8
0.6431,1049,12890,0.7588,0.8164,0.4428,22000,0.077,6
0.7822,1109,8284,0.7509,0.5882,0.2431,18925,0.044,6
0.9542,979,13494,0.6873,0.7132,0.4574,18500,0.091,4
0.8398,1030,5618,0.6511,0.4162,0.3496,12500,0.105,2
0.5421,1149,15445,0.7857,0.6763,0.2778,18822,0.036,5
0.7898,1171,35302,0.828,0.5596,0.2884,16500,0.046,6
0.598,930,3135,0.5917,0.4301,0.4177,7500,0.16,2
0.7404,993,11355,0.6264,0.6858,0.377,14750,0.106,4
0.6988,1154,22283,0.8803,0.6318,0.1904,22875,0.037,7
0.8203,1064,4739,0.664,0.4778,0.3879,13000,0.094,4
0.7482,930,8619,0.6279,0.5427,0.3942,13000,0.054,5
0.5429,865,14138,0.587,0.8454,0.493,17363,0.091,5
0.7908,1047,16950,0.7875,0.7475,0.3558,20325,0.082,3
0.489,1316,26055,0.9402,0.4356,0.1156,25000,0.02,10
0.7179,1046,11480,0.7131,0.7211,0.3991,19549,0.064,6
0.4359,1129,5708,0.8722,0.5366,0.2798,17500,0.046,8
0.6841,1031,7413,0.7583,0.6224,0.471,18938,0.124,4
0.7673,1231,25538,0.8678,0.3973,0.1856,20832,0.019,9
0.3895,1035,16881,0.8795,0.6816,0.4647,22218,0.038,6
0.6547,1142,9933,0.8603,0.4698,0.3898,16145,0.049,6
0.5385,950,5394,0.7147,0.6619,0.4763,14250,0.104,4
0.4877,1105,11251,0.7746,0.7997,0.6601,18375,0.076,7
0.4311,1235,11663,0.9347,0.5193,0.18,21500,0.017,9
0.3414,1283,26630,0.9126,0.4236,0.1065,21648,0.016,10
0.9888,1020,9954,0.6169,0.7881,0.5744,17000,0.087,2
0.9108,1113,14223,0.8755,0.6783,0.3758,19000,0.024,8
0.7355,950,4930,0.6086,0.3954,0.3195,12050,0.12,1
0.6393,1270,16474,0.9563,0.3828,0.1549,18500,0.027,9
0.6973,1010,10220,0.8321,0.6173,0.3565,19444.5,0.068,6
0.8179,959,7387,0.7291,0.7281,0.316,18750,0.067,6
0.4321,989,9586,0.5761,0.8232,0.4818,9500,0.099,4
0.9671,915,13307,0.7106,0.8471,0.5544,15750,0.091,4
0.5858,1156,6624,0.821,0.4084,0.2427,14990,0.067,7
0.6809,1105,13044,0.7995,0.6587,0.2281,25249,0.033,7
0.5412,1202,29076,0.9144,0.4747,0.1923,20201.5,0.039,8
0.7894,1102,9398,0.8415,0.5162,0.3339,16846,0.05,7
0.5592,993,13342,0.7073,0.74,0.4485,17500,0.042,6
0.6002,1029,5580,0.7386,0.5872,0.4432,16000,0.075,6
0.7091,1133,21131,0.8673,0.6856,0.1441,26000,0.004,10
0.7878,1035,19952,0.5832,0.6706,0.4208,18144,0.079,3
0.7122,984,4915,0.677,0.6177,0.4003,15000,0.181,3
0.4987,1096,13574,0.6687,0.6073,0.2922,16500,0.06,7
0.448,1030,4439,0.6328,0.3998,0.3334,11670,0.087,2
0.2992,997,18728,0.705,0.8133,0.4849,19500,0.084,3
0.8835,959,11530,0.686,0.5549,0.3803,18750,0.039,3
0.6814,1098,20803,0.8112,0.6059,0.2951,21325,0.037,7
0.7364,1083,9873,0.661,0.6912,0.3124,20500,0.048,6
0.737,1090,9376,0.7502,0.5382,0.2087,16728,0.036,6
0.6211,1068,6960,0.868,0.667,0.3564,18750,0.044,7
0.709,897,2104,0.604,0.4247,0.4609,8198.5,0.144,1
0.3702,1100,4899,0.8444,0.1319,0.3807,9054,0.065,6
0.6684,990,12500,0.8007,0.76,0.5019,25999.5,0.247,5
0.4097,1029,13521,0.581,0.9234,0.5272,18750,0.085,3
0.3816,1305,28317,0.9625,0.6589,0.217,26500,0.026,9
0.5553,1289,13102,0.9245,0.4587,0.2224,17000,0.071,9
0.851,1062,11359,0.7707,0.5348,0.2663,14625,0.105,6
0.5652,1158,7732,0.8759,0.4677,0.2835,15200,0.045,8
0.3704,1347,19017,0.9303,0.5092,0.1781,26000,0.024,10
0.6934,1004,4864,0.6879,0.542,0.3231,13500,0.096,3
0.712,1050,13695,0.7372,0.8161,0.3177,23557.5,0.073,7
0.1301,1050,379,0.8601,0,0.6166,17645,0,7
0.4627,1100,10653,0.7559,0.6564,0.3328,20500,0.081,6
0.7868,1022,5686,0.6856,0.6019,0.4364,14726.5,0.156,4
0.8021,996,16930,0.825,0.6918,0.3598,20616.5,0.038,7
0.7533,1123,14829,0.8007,0.5926,0.2177,22192,0.051,7
0.7595,1011,11016,0.7345,0.7184,0.3911,15000,0.06,6
0.7078,1070,6147,0.7476,0.4683,0.3252,13631,0.057,4
0.9459,811,5310,0.6495,0.8463,0.6829,17000,0.137,3
0.7706,989,14328,0.7674,0.6926,0.6509,14250,0.141,2
0.6289,1046,10561,0.7465,0.5946,0.379,17613,0.08,4
0.8302,865,14224,0.3946,0.5312,0.4313,8099,0.136,2
0.4739,1206,23965,0.9021,0.3421,0.1447,19500,0.043,8
0.841,1091,7681,0.7805,0.5629,0.2251,17000,0.033,5
0.4107,1017,2653,0.8196,0.3653,0.3094,18983,0.038,7
0.7267,1054,20700,0.8909,0.7941,0.3316,25000,0.039,7
0.6835,845,17320,0.5909,0.649,0.292,9500,0.193,4
0.5073,1097,4624,0.8741,0.6255,0.2871,20500,0.065,8
0.7003,962,5333,0.6346,0.4083,0.3369,14000,0.152,1
0.643,1073,18340,0.7384,0.6825,0.4015,24000,0.128,6
0.6722,1102,27202,0.8522,0.6188,0.1429,21852,0.014,8
0.7853,1117,21461,0.8263,0.5887,0.344,21500,0.06,8
0.7125,1058,10339,0.7727,0.8009,0.5032,22500,0.035,4
0.2218,920,6158,0.436,0.6479,0.4636,10500,0.1,1
0.8476,1070,4942,0.7192,0.5818,0.3292,14549,0.042,4
0.7031,1165,12205,0.8262,0.4288,0.2257,17000,0.066,7
0.3639,971,9340,0.64,0.783,0.5024,12000,0.086,2
0.6063,975,6683,0.6876,0.4291,0.3262,16000,0.146,2
0.5919,1290,22480,0.9352,0.5255,0.1489,25000,0.016,10
0.4589,780,13782,0.5121,0.8382,0.7025,12498,0.28,1
0.5502,871,4159,0.678,0.6948,0.5506,18071,0.171,2
0.7517,1134,18359,0.75,0.6207,0.2767,17958,0.034,6
0.5441,1030,13210,0.673,0.7873,0.4521,15750,0.035,5
0.6419,998,6332,0.7191,0.5718,0.2956,13576.5,0.088,4
0.6982,1081,11458,0.8438,0.5535,0.2565,22500,0.093,8
0.8917,990,5138,0.6541,0.393,0.2772,11606,0.074,4
0.8047,940,14317,0.6939,0.876,0.3502,15782.5,0.121,4
0.5646,1098,9145,0.7406,0.5045,0.3326,12000,0.057,5
0.5967,1075,13966,0.7259,0.8233,0.485,17875,0.05,6
0.6325,1043,25047,0.8292,0.6934,0.3551,21500,0.062,7
0.5493,1033,11097,0.7627,0.7288,0.2672,19500,0.06,6
0.8891,1115,6448,0.6875,0.4962,0.3597,11117,0.14,5
0.5545,1053,12680,0.734,0.7139,0.3358,23000,0.043,6
0.7865,990,7793,0.7046,0.6985,0.4075,19000,0.095,3
0.5662,1004,4815,0.6818,0.3951,0.2317,12878.5,0.065,2
0.7757,1069,4864,0.6912,0.6922,0.3527,11420.5,0.089,2
0.9709,1081,7560,0.7409,0.5371,0.4426,14830,0.079,6
0.6032,1186,12900,0.7945,0.5566,0.2626,15750,0.04,7
0.9205,954,12064,0.7447,0.7801,0.3476,18625,0.079,5
0.8608,1183,8097,0.7886,0.5507,0.2523,14875,0.05,4
0.7502,907,23919,0.7336,0.677,0.3128,20000,0.084,4
0.8634,948,7148,0.762,0.7547,0.4557,21500,0.077,5
0.6557,1106,15625,0.813,0.7432,0.3852,18250,0.04,7
0.8194,1125,16212,0.8065,0.6743,0.2104,23496,0.025,8
0.4868,965,5100,0.5545,0.4273,0.2341,13000,0.071,3
0.6054,1053,7383,0.7838,0.6139,0.3463,18686,0.081,6
0.5608,1247,10079,0.9417,0.4148,0.236,16831,0.038,9
0.7762,976,16643,0.7105,0.6131,0.346,22500,0.069,5
0.7607,1163,14149,0.8626,0.7649,0.2642,20500,0.022,8
0.9119,1020,12540,0.7633,0.6231,0.2503,18112,0.035,7
0.3082,1012,5322,0.8876,0.393,0.4733,14494,0.055,7
0.5924,982,12419,0.5908,0.6637,0.4571,16865,0.141,3
0.7161,1014,5091,0.8665,0.452,0.3893,14889.5,0.076,6
0.3728,1313,27943,0.9171,0.5721,0.1557,24334,0.014,10
0.8221,940,2420,0.5735,0.4854,0.5133,7711,0.201,1
0.6377,1039,9244,0.6869,0.6903,0.459,17910,0.055,5
0.5201,955,13823,0,0.6735,0.3593,15250,0.026,7
0.6095,1001,9212,0.6008,0.3499,0.2158,15807,0.078,4
0.5633,1231,17867,0.8709,0.5144,0.1938,20490,0.066,8
0.8755,989,15013,0.6934,0.6543,0.3152,22062.5,0.105,6
0.7407,1039,28199,0.7208,0.5407,0.3724,17250,0.071,4
0.9311,1017,11828,0.8299,0.7191,0.52,22000,0.042,5
0.7598,1060,14551,0.7844,0.7381,0.3102,20255.5,0.051,6
0.7419,1090,8003,0.7505,0.4279,0.3036,18223,0.086,4
0.6536,1026,15845,0.7537,0.7978,0.288,26596.5,0.051,8
0.9316,1071,4888,0.7458,0.4547,0.3695,11000,0.087,5
0.919,1050,7250,0.7589,0.6074,0.2716,15269,0.042,6
0.7752,1057,21979,0.8566,0.8516,0.3232,25222,0.047,5
0.5102,932,13200,0.7143,0.5529,0.3379,18750,0.096,2
0.473,986,9749,0.6368,0.6097,0.3976,17259,0.084,2
0.2349,1400,25687,0.9783,0.2033,0.1502,13399,0.033,10
0.6408,949,16805,0.7301,0.836,0.4293,19125,0.068,5
0.8083,990,6183,0.6884,0.6299,0.3814,15296,0.103,5
0.6108,1028,12257,0.7,0.7291,0.4332,18750,0.079,5
0.4802,1108,17980,0.8477,0.556,0.2578,19500,0.038,8
0.3231,1394,24465,0.9553,0.4433,0.1424,25759.5,0.042,9
0.6056,1110,11683,0.6857,0.7565,0.3776,21906.5,0.023,4
0.2633,1363,22222,0.9438,0.3868,0.2192,19000,0.024,10
0.4379,1234,24563,0.9355,0.5074,0.1554,26000,0.01,10
0.6799,1034,12449,0.7333,0.838,0.5273,14000,0.106,4
0.6251,966,7628,0.823,0.4157,0.431,14000,0.064,4
0.8285,1030,10693,0.7371,0.68,0.3969,20875,0.077,6
0.7069,1045,12104,0.7226,0.8301,0.4371,18245.5,0.06,5
0.5523,1234,17091,0.9303,0.3261,0.2489,14793.5,0.043,9
0.6057,1145,10786,0.7676,0.5618,0.21,19500,0.055,6
0.5704,1173,14593,0.847,0.5765,0.2958,18500,0.033,6
0.9617,1050,15956,0.8021,0.7051,0.2581,20500,0.067,7
0.8134,1030,5707,0.7522,0.5615,0.2762,16852,0.045,5
0.7921,1243,12168,0.869,0.7486,0.3568,15500,0.011,9
0.5125,830,7813,0.6219,0.8735,0.8265,15854.5,0.191,1
0.3041,1354,27465,0.9341,0.3717,0.1072,23250,0.02,10
0.7204,1221,12390,0.8998,0.4135,0.152,19130,0.014,9
0.6285,1279,23450,0.8623,0.6599,0.2135,19115,0.019,8
0.9569,1123,4422,0.7394,0.3741,0.2428,12511.5,0.053,5
0.5926,972,9142,0.6667,0.7906,0.4785,15500,0.1,4
0.3084,1322,25245,0.9392,0.4495,0.1472,22500,0.009,10
0.9814,969,4410,0.6252,0.4532,0.4848,12449,0.169,2
0.4521,1105,11470,0.848,0.5711,0.3132,19500,0.06,6
0.4172,970,9703,0.7468,0.7861,0.5267,11000,0.0755,2
0.9509,894,6072,0.6309,0.4419,0.4744,13000,0.121,1
0.8196,1105,10798,0.7541,0.7045,0.3164,19802,0.047,6
0.6834,1005,16920,0.6724,0.7023,0.274,19500,0.053,6
0.3505,1247,30105,0.9304,0.3211,0.1462,19500,0.033,10
0.5895,1073,19293,0.7009,0.8781,0.3907,21166,0.075,6
0.7184,1065,28093,0.8188,0.4835,0.252,19503,0.091,5
0.4304,1154,5931,0.8354,0.456,0.5809,13750,0.089,5
0.8396,1081,7552,0.7989,0.3853,0.2884,12000,0.051,5
0.617,1079,10827,0.7603,0.6407,0.3735,19500,0.036,5
0.588,948,16566,0.669,0.8337,0.4253,23250,0.073,6
0.6845,1010,14864,0.8228,0.774,0.3397,19500,0.055,8
0.527,1149,17769,0.7672,0.5766,0.2854,14500,0.035,7
0.695,1030,11908,0.7322,0.5865,0.3644,17188,0.045,5
0.7304,932,6420,0.5578,0.6089,0.3955,11000,0.083,1
0.7692,1106,12051,0.8148,0.3962,0.3265,13500,0.07,7
0.6997,1132,16524,0.8344,0.5802,0.1827,24000,0.037,8
0.6042,1211,15256,0.9059,0.3878,0.2058,20500,0.051,8
0.8608,1030,8308,0.7007,0.6362,0.3567,17459,0.061,3
0.5883,930,14332,0.5747,0.8301,0.6462,20755,0.095,4
0.6293,908,6008,0.5918,0.4269,0.3216,11500,0.146,4
0.514,1013,10742,0.6012,0.5408,0.4796,9500,0.083,1
0.6125,1034,11624,0.8182,0.583,0.3568,21733,0.073,4
0.6635,1225,18204,0.7563,0.5888,0.2866,19000,0.013,5
0.3326,1352,20769,0.9688,0.3665,0.157,21000,0.021,10
0.6322,1224,18703,0.9205,0.6884,0.2478,26000,0.023,9
0.7327,1050,7114,0.6437,0.5512,0.4379,16490,0.11,2
0.5846,995,8357,0.7183,0.655,0.4906,12000,0.02,5
0.8819,877,20665,0.7588,0.6941,0.4699,20834,0.058,4
0.1603,874,12633,0.75,0.753,0.4053,14652.5,0.108,1
0.4579,1021,6147,0.8853,0.3327,0.4061,12900.5,0.056,5
0.652,1032,14168,0.7834,0.7153,0.3169,22131,0.066,7
0.4628,1002,27612,0.8087,0.629,0.4851,26500,0.102,6
0.6597,1131,11348,0.7595,0.5358,0.3539,17125,0.11,6
0.6585,977,13075,0.7362,0.7085,0.4295,21956,0.107,4
0.6567,990,11665,0.5746,0.6486,0.3883,14089.5,0.071,4
0.9026,990,3700,0.7008,0.6484,0.3921,10500,0.188,2
0.5838,927,14759,0.7067,0.8416,0.5382,25000,0.072,4
0.6433,940,12946,0.7959,0.5035,0.4315,15347.5,0.112,5
0.5018,969,10433,0.7031,0.6903,0.3973,18089.5,0.092,4
0.7604,1102,14903,0.7436,0.8018,0.296,21500,0.049,6
0.2199,1289,15123,0.9626,0.374,0.3624,15200,0.022,10
0.5898,1142,9863,0.6981,0.6867,0.4617,12000,0.098,5
0.8108,952,14240,0.731,0.7012,0.4731,19118,0.087,3
0.726,1046,15256,0.8571,0.8074,0.4377,20432,0.049,7
0.7674,1075,16566,0.7524,0.6377,0.348,18750,0.049,6
0.0978,1446,28107,0.979,0.2454,0.1364,10695.5,0.014,10
0.7784,1100,12480,0.8641,0.676,0.2238,23128.5,0.029,9
0.8775,1033,12622,0.5977,0.5357,0.2612,19500,0.073,6
0.6621,1007,9650,0.6954,0.6363,0.3478,19023.5,0.062,5
0.4471,1208,24444,0.9073,0.6536,0.2035,19000,0.035,8
0.6798,1126,7701,0.8459,0.4774,0.218,16250,0.039,7
0.9522,946,15874,0.719,0.6302,0.356,21500,0.058,7
0.52,1094,5662,0.8048,0.6223,0.3753,16250,0.089,5
0.7614,974,17406,0.7428,0.8689,0.319,23000,0.068,5
0.7286,1123,20770,0.8501,0.7762,0.3103,19688,0.022,8
0.4737,1010,12056,0.7172,0.5116,0.2938,15000,0.077,3
0.8341,980,7165,0.7135,0.7063,0.3021,18000,0.057,6
0.6802,1070,12654,0.7699,0.9085,0.3866,20593,0.066,7
0.5496,851,3202,0.7133,0.7136,0.5873,17003.5,0.132,2
0.8174,1109,9592,0.8791,0.3557,0.3225,12839,0.039,7
0.2548,1009,24802,0.7105,0.7813,0.4167,20375,0.05,5
0.7999,1075,14460,0.8066,0.7044,0.2888,21501,0.056,7
0.62,1078,11937,0.8898,0.5688,0.564,17000,0.061,7
0.8106,1085,9599,0.8066,0.6405,0.3718,19200.5,0.063,6
0.444,976,4501,0.8122,0.5159,0.476,13750,0.076,3
0.4616,1246,22437,0.9071,0.41,0.0784,24187,0.028,10
0.9688,948,10824,0.6186,0.735,0.4962,18000,0.134,2
0.6992,1049,12548,0.7098,0.678,0.3435,14250,0.068,6
0.9022,1062,8741,0.6358,0.5813,0.4257,14250,0.099,5
0.7411,868,13814,0.4927,0.9026,0.5689,11250,0.128,2
0.6818,1067,13264,0.718,0.6649,0.4992,18500,0.101,6
0.8064,939,7499,0.6402,0.3114,0.227,9960,0.13,1
0.872,972,18965,0.7692,0.672,0.4201,18750,0.054,4
0.6929,1039,14067,0.8222,0.8951,0.4743,17000,0.044,6
0.9957,950,9161,0.5781,0.7193,0.5604,13500,0.096,2
0.6955,1050,11004,0.693,0.8421,0.4897,17879,0.078,5
0.4979,915,9598,0.6371,0.7001,0.5005,18845,0.103,3
0.713,1006,10090,0.6055,0.6667,0.4589,14500,0.095,4
0.5382,953,11845,0.6094,0.6664,0.4253,12275,0.163,4
0.6903,1088,12625,0.8102,0.7572,0.2441,24225,0.054,7
0.6831,842,12781,0.7273,0.648,0.5251,14250,0.131,1
0.4405,1015,9016,0.6619,0.7832,0.4304,14500,0.102,4
0.6413,1006,7671,0.7681,0.5918,0.3335,16852.5,0.08,5
0.4058,985,17950,0.7,0.678,0.4301,16500,0.12,5
0.7388,1023,7626,0.5974,0.711,0.4788,14250,0.117,3
0.1697,1398,35085,0.9598,0.2823,0.1325,17125,0.009,10
0.359,890,4459,0.6743,0.7496,0.6277,24250,0.099,2
0.5979,1158,23856,0.9078,0.5326,0.1341,27000,0.023,10
0.9307,967,14974,0.6909,0.6301,0.4188,19500,0.092,3
0.5787,1259,14345,0.9194,0.4174,0.1782,20008,0.04,9
0.4239,1303,24394,0.9302,0.5333,0.2131,20900,0.022,10
0.5729,900,10152,0.4853,0.3394,0.2022,14454.5,0.065,4
0.7682,974,6771,0.5346,0.5438,0.4556,12500,0.135,2
0.5122,1294,19663,0.9498,0.3726,0.1389,19500,0.029,9
0.7223,950,9283,0.6263,0.6936,0.3793,15000,0.072,6
0.5285,954,15136,0.575,0.764,0.604,12625,0.055,6
0.8619,1102,23540,0.7935,0.8608,0.3145,20758.5,0.018,7
0.6136,1057,11980,0.6943,0.4826,0.3906,12349.5,0.155,4
0.5218,1070,4577,0.8997,0.3883,0.4404,15703.5,0.038,5
0.9647,1050,6776,0.7533,0.6314,0.306,15750,0.041,5
0.8443,1018,13724,0.7368,0.6715,0.3729,19200,0.056,6
0.3802,1024,13571,0.8808,0.7646,0.5152,25500,0.106,7
0.6785,1153,17109,0.8429,0.7284,0.24,25000,0.027,8
0.6913,1102,9693,0.8659,0.5255,0.2865,19125,0.06,6
0.7233,1129,18087,0.8384,0.6926,0.2248,21000,0.037,8
0.6701,912,16503,0.6852,0.6855,0.5181,20437.5,0.084,3
0.6852,1066,7019,0.8038,0.5879,0.4046,16500,0.062,5
0.671,1019,5630,0.6497,0.9071,0.472,14000,0.105,2
0.6608,934,12537,0.5773,0.807,0.4933,15000,0.103,2
0.5635,1165,22447,0.8799,0.7424,0.2632,27000,0.024,8
0.3511,937,14071,0.7242,0.7374,0.6453,23687.5,0.13,4
0.4888,808,8167,0.5233,0.6803,0.6273,18442,0.151,1
0.7213,1061,9535,0.7609,0.717,0.3799,19500,0.097,4
0.0741,1495,13049,0.9757,0.0482,0.1218,7500,0.023,10
0.5977,1085,6839,0.7435,0.5521,0.3677,15000,0.066,4
0.6964,902,5098,0.7977,0.7788,0.5878,19843,0.18,4
0.969,1064,10899,0.6579,0.7345,0.2839,16749,0.043,4
0.7539,1010,20199,0.8162,0.6763,0.3185,25394,0.088,7
0.7743,1127,12292,0.8591,0.4739,0.2571,16707.5,0.048,7
0.6673,1130,12306,0.8091,0.6866,0.3482,22225,0.05,8
0.6221,1011,2994,0.5716,0.5985,0.5296,10443,0.154,1
0.7798,1123,6239,0.7241,0.5644,0.4136,14750,0.063,2
0.4853,975,3990,0.7532,0.6466,0.4594,15895.5,0.088,4
0.6076,1045,10013,0.6809,0.5183,0.328,13136.5,0.056,4
0.9262,995,11488,0.6654,0.9082,0.4204,14250,0.097,3
0.8617,1165,18396,0.8755,0.5738,0.2023,22250,0.042,8
0.5727,1157,15780,0.8221,0.6707,0.3286,24000,0.046,7
0.5234,1030,15687,0.8064,0.7099,0.3695,18750,0.059,6
0.8334,1112,12625,0.8811,0.6694,0.273,23489.5,0.037,8
0.7265,1085,13630,0.8365,0.689,0.3057,19310.5,0.047,8
0.5297,1181,18266,0.8858,0.6791,0.1188,23250,0.02,8
0.7379,991,8237,0.7143,0.6545,0.3371,21500,0.077,5
0.7523,1015,11867,0.8148,0.8301,0.3399,23000,0.051,5
0.3308,1297,27560,0.9226,0.4048,0.1356,22723,0.014,9
0.9981,923,4743,0.6989,0.4967,0.5802,12500,0.098,3
0.4683,1058,5412,0.8289,0.6861,0.2687,18750,0.036,8
0.8456,1016,15890,0.7571,0.5679,0.1869,20000,0.072,4
0.8274,1215,13186,0.8946,0.361,0.1687,18250,0.061,7
0.6832,1083,14741,0.7619,0.4915,0.2009,18770,0.044,6
0.7778,960,12041,0.7175,0.5758,0.2435,15683.5,0.057,6
0.9286,1072,17298,0.7741,0.6228,0.3129,22000,0.041,4
0.7412,1174,11059,0.9382,0.5108,0.281,20750,0.041,7
0.9711,939,9752,0.6414,0.7138,0.5686,10035,0.115,2
0.869,921,23038,0.589,0.7197,0.6039,18325.5,0.095,2
0.6034,1078,6494,0.8603,0.5047,0.2498,15750,0.052,7
0.5103,930,8975,0.5556,0.7765,0.607,14531,0.102,2
0.6129,1024,10968,0.8134,0.768,0.332,20000,0.071,7
0.9515,1083,10115,0.7776,0.6958,0.3903,21500,0.061,7
0.1674,1454,18601,0.9817,0.1798,0.1723,7727,0.013,10
0.4503,832,6770,0.5517,0.7412,0.6721,17311.5,0.174,1
0.5494,1090,3258,0.8512,0.7387,0.5088,12000,0.106,4
0.5466,1060,7284,0.8232,0.5883,0.5089,17070,0.085,5
0.2578,924,9873,0.5671,0.8244,0.5229,18750,0.096,2
0.7536,1064,12726,0.8003,0.7072,0.3155,16000,0.129,7
0.5734,945,11611,0.4953,0.6822,0.4621,14250,0.148,3
0.7293,1094,14975,0.7344,0.6478,0.4547,19874.5,0.063,2
0.4521,1192,13500,0.9294,0.4467,0.4297,13626.5,0.038,9
0.9228,1145,10498,0.799,0.4532,0.2216,14799,0.055,7
0.4239,1122,13713,0.9175,0.4418,0.432,15500,0.031,10
0.5747,845,5563,0.7926,0.4291,0.5862,14191,0.112,1
0.9521,1044,12625,0.7286,0.7807,0.398,19500,0.042,4
0.5494,1145,5967,0.8049,0.5213,0.2209,16250,0.065,7
0.3273,830,2973,0.5858,0.8818,0.7652,19000,0.242,2
0.7983,957,8544,0.7098,0.7543,0.5024,21500,0.077,4
1,925,5163,0.5922,0.6187,0.4913,10500,0.127,2
0.6929,986,6709,0.7808,0.5898,0.3339,19415,0.086,4
0.8208,1030,10434,0.7977,0.5109,0.3323,15736,0.04,7
0.6915,1126,14276,0.7894,0.5087,0.2787,18636.5,0.039,8
0.3762,1053,8672,0.7077,0.4577,0.3395,9722,0.069,7
0.7724,1121,16575,0.766,0.4209,0.3357,20000,0.068,5
0.5516,930,11221,0.5833,0.7239,0.4693,14250,0.129,2
0.9086,910,11537,0.6681,0.8851,0.7155,14000,0.092,3
0.6572,1004,11878,0.7254,0.7143,0.3967,19000,0.068,4
0.8042,1050,14875,0.7879,0.6779,0.3185,22068,0.075,7
0.9038,1021,12242,0.7461,0.7285,0.3056,22000,0.042,6
0.7542,921,8775,0.7522,0.6169,0.3462,17404,0.056,5
0.7362,957,12202,0.5714,0.722,0.4601,11411,0.125,2
0.2972,1160,5913,0.8669,0.1606,0.4097,9500,0.053,5
0.6129,1161,26745,0.8646,0.5115,0.2625,23000,0.053,8
0.8663,1030,6045,0.7196,0.6503,0.3224,18225,0.042,5
0.3405,950,3994,0.7795,0.1671,0.5446,8251,0.103,2
0.5122,973,5206,0.6578,0.5839,0.4158,13750,0.082,4
0.489,924,10118,0.6429,0.75,0.4936,16651,0.096,3
0.3506,1357,15346,0.9324,0.4158,0.2097,10022.5,0.03,10
0.4377,778,11414,0.6763,0.8841,0.7706,15150,0.251,1
0.8941,950,5429,0.6614,0.5628,0.4927,12500,0.121,2
0.9754,895,12258,0.7681,0.7361,0.5069,19813,0.046,7
0.3734,1235,25896,0.9174,0.4412,0.2076,25000,0.022,9
0.8009,1087,9277,0.7787,0.381,0.3086,13750,0.051,6
0.1428,1434,22937,0.9762,0.1321,0.1998,10453,0.045,10
0.6738,749,7143,0.6125,0.8594,0.7454,20250,0.373,1
0.5087,1041,12423,0.7014,0.7011,0.3991,17750,0.097,5
0.9141,838,2396,0.6471,0.1891,0.6159,5250,0.163,1
0.5803,1175,26289,0.8257,0.6126,0.2429,23000,0.044,8
0.4331,899,9394,0.4528,0.6169,0.5373,10125,0.151,5
0.53,1112,13810,0.8146,0.5598,0.2167,21500,0.017,7
0.5859,928,9951,0.871,0.4429,0.46,12000,0.097,4
0.2821,1258,33742,0.9489,0.3737,0.1613,27000,0.01,10
0.4798,1240,23651,0.8811,0.5678,0.1702,21500,0.025,9
0.2561,1353,19936,0.9571,0.2134,0.1313,15750,0.022,10
0.8326,1036,6192,0.7112,0.6811,0.4613,16500,0.113,2
0.5421,1030,12131,0.7683,0.6704,0.2562,18750,0.029,6
0.7998,1144,16087,0.8449,0.68,0.2426,24500,0.02,8
0.8419,1050,8030,0.693,0.6017,0.3565,14317,0.06,5
0.3568,1353,21174,0.9605,0.5253,0.1844,24325.5,0.025,10
0.522,865,5807,0.4784,0.5858,0.6055,10250,0.154,1
0.882,950,5590,0.685,0.6583,0.4433,17500,0.093,4
0.3605,990,11388,0.7554,0.2978,0.3912,22870,0.097,7
0.58,1194,24840,0.8731,0.5407,0.1414,26000,0.029,9
0.6502,1079,12282,0.734,0.6056,0.3422,19500,0.096,3
0.4059,1279,19693,0.9034,0.3177,0.1557,20500,0.072,8
0.7659,1206,12730,0.8219,0.5969,0.267,21812,0.06,7
0.5988,1020,9889,0.75,0.7619,0.3641,13000,0.07,2
0.7503,1121,19604,0.9032,0.6741,0.2014,26442,0.04,9
0.5045,970,7609,0.6261,0.7411,0.6166,8821,0.096,5
0.7989,962,14005,0.7158,0.5926,0.2796,21329,0.097,4
0.7587,1105,13869,0.8421,0.6629,0.3073,22000,0.032,8
0.7992,950,4433,0.5737,0.4546,0.4777,9860,0.163,2
0.4136,1200,5159,0.7659,0.3495,0.2952,9283,0.069,4
0.7079,1122,22040,0.7887,0.6359,0.2488,21500,0.058,6
0.3123,1242,7908,0.9249,0.3482,0.1975,17500,0.031,8
0.7243,954,17595,0.7717,0.7215,0.3577,24500,0.113,4
0.2604,1343,30380,0.931,0.205,0.1079,18500,0.025,10
0.7263,976,13682,0.4333,0.6828,0.4984,20832,0.077,4
0.4444,1285,26821,0.8985,0.4329,0.1215,19545,0.017,10
0.5795,1024,13214,0.7037,0.7265,0.3106,23412.5,0.063,5
0.7416,1007,10953,0.5613,0.7964,0.58,12250,0.132,2
0.8449,1115,9218,0.7576,0.4913,0.3161,14465,0.057,5
0.5898,930,3329,0.6667,0.7502,0.5868,12000,0.153,1
0.6982,1144,9545,0.8239,0.5333,0.3184,17900,0.048,7
0.6122,961,13883,0.5448,0.5739,0.3904,11200,0.112,4
0.1716,1391,42339,0.9515,0.2514,0.1103,17777.5,0.016,10
0.4597,1285,22211,0.8935,0.5224,0.1813,22000,0.029,9
0.7393,997,17100,0.7558,0.7719,0.4194,22250,0.112,5
0.7844,946,9230,0.7128,0.65,0.3029,16750,0.051,6
0.5923,1120,9614,0.841,0.5836,0.3007,18500,0.052,8
0.6617,1090,19807,0.8789,0.6361,0.2895,21500,0.04,8
0.4884,878,6493,0.5806,0.4873,0.3941,12000,0.112,3
0.8747,850,9803,0.425,0.7102,0.5998,9500,0.097,2
0.7011,1090,10088,0.7631,0.5033,0.2702,15000,0.066,7
0.538,1104,11396,0.6667,0.7117,0.5924,20075,0.037,4
0.6892,1110,10026,0.816,0.6022,0.2557,18750,0.04,8
0.7205,901,10472,0.7148,0.6641,0.4479,16836,0.096,4
0.6654,1155,18917,0.8933,0.641,0.2712,20500,0.025,8
0.6002,1010,12848,0.7276,0.7797,0.4017,24500,0.035,6
0.5908,938,10741,0.6864,0.7514,0.4655,21492,0.15,4
0.6387,1105,16223,0.715,0.7122,0.3019,22353,0.07,6
0.8095,1146,10071,0.8444,0.5407,0.9259,16000,0.171,6
0.7623,1162,8813,0.8249,0.3532,0.1978,13000,0.043,8
0.6349,1065,13149,0.7496,0.6959,0.2628,23000,0.052,6
0.5221,1075,16142,0.751,0.6435,0.2473,17550.5,0.067,7
0.521,1115,14327,0.875,0.6853,0.3903,21230,0.08,3
0.6686,1112,17637,0.8267,0.7317,0.2282,24500,0.014,8
0.8306,910,5564,0.6353,0.6121,0.4344,11726.5,0.107,4
0.4133,1156,17958,0.8257,0.7229,0.2213,23000,0.01,8
0.33,1105,10688,0.733,0.4868,0.3208,15750,0.098,5
0.5622,1310,22285,0.9123,0.5776,0.1839,26000,0.024,8
0.7997,1104,15610,0.8252,0.8868,0.5391,22313,0.067,5
0.6294,1209,11566,0.893,0.6043,0.2513,21500,0.056,8
0.9024,943,12208,0.6026,0.7526,0.3493,12750,0.079,3
0.2095,1406,28644,0.9602,0.4749,0.1231,16644,0.023,10
0.9615,1213,12776,0.8731,0.5829,0.2709,25000,0.041,8
0.6871,1318,18657,0.9447,0.5068,0.2097,21179,0.012,10
0.91,1068,9413,0.7137,0.5042,0.3222,12500,0.027,4
0.3604,1081,3449,0.6132,0.2189,0.2985,5780,0.069,4
0.8604,1064,6914,0.6787,0.5549,0.3743,15000,0.071,2
0.4107,853,6808,0.5429,0.8733,0.7,12000,0.191,6
0.7265,1172,29264,0.8656,0.6292,0.4011,21250,0.035,6
0.6821,830,12190,0.9256,0.7824,0.5811,26313,0.07,7
0.5959,990,13905,0.7477,0.6099,0.303,18197.5,0.084,6
0.731,919,17983,0.6687,0.9077,0.5515,25000,0.079,5
0.494,1028,12100,0.6617,0.5994,0.347,21081.5,0.074,3
0.9372,1049,11132,0.6943,0.8743,0.4805,20422,0.078,4
0.4365,1145,19336,0.8179,0.3302,0.1847,21500,0.085,5
0.5757,893,5394,0.7207,0.8105,0.6152,22907,0.23,2
0.6074,950,4173,0.5357,0.371,0.4093,9000,0.122,1
0.5889,1199,19343,0.834,0.5177,0.3163,23000,0.06,7
0.9782,807,7560,0.6767,0.3103,0.5549,7307.5,0.164,1
0.6943,889,8130,0.7727,0.7422,0.5467,21500,0.077,2
0.6396,1096,15293,0.7921,0.7876,0.333,24000,0.031,8
0.8595,1009,5498,0.6618,0.5866,0.5384,15000,0.137,2
0.7403,994,5769,0.6555,0.512,0.3858,13573,0.11,3
0.5903,1042,17039,0.8154,0.5351,0.356,13250,0.084,4
0.8514,1067,13845,0.7677,0.7655,0.5112,18500,0.055,5
0.6232,1040,18352,0.7248,0.6871,0.352,20500,0.057,7
0.772,1049,12553,0.7479,0.713,0.4226,16250,0.043,4
0.5419,1154,7096,0.864,0.5109,0.2825,16500,0.067,8
0.8049,965,6454,0.5457,0.5526,0.4264,11773,0.134,1
0.5176,886,4608,0.7023,0.6808,0.4873,16500,0.161,2
0.7487,995,7287,0.7909,0.6121,0.2609,16250,0.046,6
0.7665,1214,23306,0.9088,0.7041,0.191,21500,0.02,8
0.7655,1137,22197,0.9026,0.6148,0.1676,26706,0.025,9
0.4561,1279,27235,0.9279,0.4235,0.1487,25500,0.02,9
0.223,1450,21742,0.9861,0.4142,0.1178,20300,0.008,10
0.8062,1180,8322,0.8098,0.4728,0.3281,16500,0.077,4
0.67,935,4456,0.6378,0.5992,0.5105,14820,0.084,1
0.5148,927,12367,0.6397,0.8011,0.457,19000,0.121,4
0.7374,1087,15523,0.7639,0.6996,0.2546,22000,0.065,6
0.7755,1190,21995,0.8577,0.4674,0.1948,18878,0.038,8
0.866,1014,10118,0.5747,0.8105,0.4314,15000,0.082,5
0.6615,1010,10679,0.5979,0.6578,0.3701,16743.5,0.071,2
0.9674,1087,4989,0.6577,0.3227,0.3595,8750,0.057,5
0.7253,1204,16577,0.8836,0.5704,0.204,25000,0.035,9
0.634,1195,24032,0.8097,0.814,0.2215,24930.5,0.01,8
0.8216,1217,22428,0.929,0.2656,0.181,15358.5,0.033,10
0.0815,1503,28012,0.9788,0.1992,0.1825,13000,0.017,10
0.537,1014,11677,0.6187,0.7722,0.3826,15455,0.128,4
0.6741,1060,15815,0.7785,0.6374,0.2269,19500,0.046,7
0.5861,1181,17273,0.8279,0.7665,0.2842,23000,0.026,8
0.5445,950,3608,0.6044,0.4682,0.4721,8250,0.156,1
0.7325,1141,12384,0.8462,0.5545,0.2658,15000,0.1,6
0.5875,1060,14628,0.672,0.6441,0.3729,10750,0.072,5
0.6995,1054,13098,0.7436,0.866,0.5057,15000,0.053,5
0.829,967,5331,0.6444,0.4761,0.2644,12000,0.048,4
0.4502,990,7142,0.6281,0.6727,0.5839,6700,0.116,2
0.5681,1212,5723,0.9171,0.465,0.3065,18750,0.058,9
0.6694,1163,18539,0.8808,0.6731,0.2681,23677,0.029,8
0.3319,1082,6128,0.824,0.5996,0.3178,19750,0.062,6
0.5784,1198,21725,0.859,0.5031,0.207,19538.5,0.035,9
0.7214,1145,18629,0.8546,0.6689,0.3147,20981.5,0.019,8
0.8297,1010,6380,0.6926,0.4321,0.2364,12500,0.091,4
0.6133,853,10811,0.7159,0.8911,0.6429,24376,0.233,3
0.6633,1182,20898,0.8925,0.6988,0.2155,27000,0.029,9
0.6807,1084,11308,0.7612,0.7596,0.4352,17750,0.076,4
0.8185,975,11350,0.764,0.7316,0.2387,20000,0.04,7
0.5632,982,23067,0.7885,0.8133,0.4336,26991,0.09,6
0.1992,887,4431,0.697,0.9045,0.7229,24500,0.18,4
0.7668,1050,4784,0.6994,0.5605,0.4709,15134.5,0.131,4
0.6752,871,4287,0.8206,0.3924,0.6447,12000.5,0.076,2
0.457,980,2738,0.6388,0.6086,0.4738,11028,0.173,2
0.5512,1087,12527,0.7652,0.761,0.3883,22000,0.098,6
0.714,1092,12091,0.7978,0.4838,0.4906,14750,0.042,6
0.8927,1030,5612,0.7329,0.642,0.2958,18015,0.037,5
0.7676,1112,17987,0.8183,0.644,0.3086,22695,0.027,8
0.6203,1155,10801,0.8728,0.4474,0.2684,17250,0.018,7
0.5831,888,5417,0.8879,0.4698,0.5799,16431,0.097,3
0.7765,1077,15149,0.8091,0.6875,0.2519,24124,0.046,7
0.7514,1047,9847,0.7436,0.6207,0.3406,15985,0.048,6
0.8859,1048,9165,0.6718,0.717,0.4315,14000,0.085,5
0.463,1125,12396,0.7424,0.8121,0.4765,21000,0.059,3
0.5408,913,17043,0.7436,0.6353,0.5196,17500,0.067,5
0.6749,1065,18063,0.7874,0.6356,0.2621,19500,0.044,4
0.6876,915,14007,0.6011,0.7339,0.4285,15111.5,0.072,2
0.9732,1054,10779,0.7941,0.7142,0.346,21875,0.054,7
0.6159,1198,20318,0.9194,0.5905,0.2523,22500,0.053,7
0.7866,965,10913,0.6918,0.6931,0.4058,7688,0.068,5
0.6505,1069,10534,0.7572,0.74,0.449,20729,0.059,6
0.5931,970,7597,0.6338,0.7025,0.4278,17729,0.072,6
1,977,10490,0.66,0.6616,0.6212,10250,0.09,5
0.8285,1070,5745,0.789,0.653,0.337,18700,0.041,6
0.7516,1155,18464,0.8552,0.6095,0.1947,23150,0.024,9
0.5443,1048,15391,0.7178,0.7093,0.5739,18000,0.116,4
0.6329,941,14621,0.6693,0.7399,0.4854,19298,0.099,2
0.341,1110,4376,0.8747,0.1914,0.5073,10000,0.09,4
0.6075,1070,5482,0.783,0.6431,0.2685,18288,0.044,6
0.815,1197,23329,0.8644,0.5641,0.2021,17027.5,0.035,8
0.0584,1501,27867,0.9706,0.029,0.1016,7500,0.019,10
0.7752,1048,15322,0.7613,0.7859,0.395,20500,0.061,8
0.4676,863,12302,0.4887,0.8449,0.6787,13514,0.202,2
0.7318,996,16294,0.6616,0.7918,0.3466,25859,0.039,5
0.351,905,3308,0.7415,0.1087,0.5399,7000,0.101,1
0.4567,904,15717,0.6184,0.5998,0.511,16500,0.072,3
0.606,1200,10441,0.8738,0.4922,0.2394,19125,0.047,8
0.5579,954,11697,0.716,0.4475,0.4928,17800,0.062,5
0.9094,956,15624,0.7091,0.5817,0.2744,19837.5,0.069,6
0.7898,1010,4634,0.7429,0.6036,0.4032,13377.5,0.105,5
0.9434,967,5059,0.6263,0.5624,0.4132,12061,0.139,2
0.0881,1504,26409,0.9934,0.2933,0.1419,17610,0.014,10
0.7743,1109,17816,0.7569,0.6039,0.2928,25000,0.023,8
0.4401,1070,5328,0.5991,0.4556,0.3928,16954,0.074,4
0.8041,1080,10577,0.8459,0.5215,0.2355,19500,0.057,8
0.6422,982,5701,0.661,0.6512,0.4555,15750,0.089,3
0.6411,1005,14333,0.6875,0.4436,0.257,16250,0.044,3
0.6255,1006,17590,0.6407,0.8154,0.3888,15750,0.149,2
0.6947,1182,8988,0.9143,0.3511,0.2162,16566.5,0.048,9
0.6403,1190,6151,0.8025,0.4633,0.3187,15772.5,0.073,6
0.8921,1094,29378,0.889,0.783,0.3009,25000,0.018,8
0.4681,951,11581,0.7315,0.7576,0.4989,17250,0.063,4
0.748,1080,8025,0.8214,0.6043,0.3762,21500,0.058,6
0.4678,930,16547,0.5997,0.7424,0.5181,21500,0.057,2
0.7018,1105,15633,0.7841,0.8048,0.2774,20750,0.077,7
0.4897,1149,18588,0.8625,0.7305,0.2573,25000,0.021,8
0.6154,777,11818,0.4825,0.8486,0.6713,9500,0.207,1
0.5745,1217,20795,0.9071,0.508,0.1689,24760,0.025,9
0.9977,936,4589,0.5984,0.5878,0.4172,12500,0.113,1
0.7122,723,11219,0.5296,0.9334,0.8344,16750,0.255,1
0.486,1010,22452,0.7814,0.6999,0.3702,24000,0.066,6
0.492,986,18089,0.6829,0.8793,0.6475,11806,0.084,3
0.7016,1193,21159,0.8462,0.5517,0.2092,19500,0.051,8
0.7112,1142,10747,0.7788,0.4323,0.2999,13300,0.096,5
0.6992,1029,15822,0.8429,0.8985,0.2192,20500,0.056,8
0.9137,1050,6697,0.7178,0.5571,0.3778,15000,0.102,5
0.7182,836,3958,0.3313,0.9001,0.9451,9500,0.241,1
0.7547,990,4901,0.7271,0.5988,0.4259,14054,0.12,2
0.5575,987,21113,0.7458,0.6741,0.4852,27000,0.076,4
0.3198,1100,4480,0.864,0.1893,0.4816,9500,0.083,5
0.6217,1050,6563,0.8088,0.5528,0.3211,18500,0.067,6
0.619,1080,15271,0.875,0.697,0.3234,21216.5,0.051,8
0.8023,1208,13317,0.8584,0.4722,0.1906,18692.5,0.041,8
0.7689,1109,12109,0.7753,0.6626,0.2688,19500,0.03,8
0.576,964,14058,0.7226,0.8832,0.5289,18065,0.075,6
0.6284,1125,10945,0.8405,0.6704,0.4298,18750,0.081,5
0.1555,1474,23619,0.9642,0.2207,0.0616,19500,0.03,10
0.7587,1073,12112,0.7521,0.3877,0.2777,16750,0.05,3
0.637,1082,15833,0.7737,0.7143,0.2525,19557,0.088,7
0.8548,1004,6408,0.8113,0.5832,0.3572,21500,0.077,6
0.845,984,7920,0.7624,0.5671,0.3143,21500,0.077,5
0.8519,990,6419,0.8294,0.715,0.3329,21500,0.077,8
0.5857,1262,10335,0.8811,0.5766,0.354,15080.5,0.072,7
0.7766,1050,6355,0.7129,0.4894,0.3715,16309,0.114,3
0.6887,973,11674,0.647,0.7398,0.4667,15750,0.088,2
0.5655,1171,12198,0.87,0.4148,0.2107,17750,0.081,7
0.9203,1098,10867,0.7757,0.6225,0.3423,19125,0.082,5
0.8269,1061,26288,0.6543,1,0.3267,13650.5,0.043,1
0.7251,1101,15382,0.802,0.6311,0.3012,20000,0.051,7
0.5628,1007,13466,0.5811,0.8015,0.4368,14250,0.077,5
0.637,1262,14943,0.8776,0.5179,0.2576,21197,0.037,8
0.6081,989,3465,0.6433,0.5054,0.5152,10500,0.181,1
0.6347,1030,7238,0.8782,0.3548,0.3955,14000,0.048,4
0.5229,1050,16236,0.6828,0.7161,0.3555,16937.5,0.025,2
0.6968,945,5274,0.8251,0.4153,0.505,15000,0.071,4
0.688,1186,15560,0.895,0.412,0.1902,19500,0.026,9
0.869,1086,11156,0.7574,0.7634,0.3967,21353,0.061,5
0.672,1032,5558,0.7857,0.8456,0.4513,18499,0.058,6
0.7157,1095,10936,0.7415,0.6083,0.2378,16950,0.085,5
0.7515,1130,13443,0.8627,0.666,0.3534,27000,0.063,8
0.6811,1010,9726,0.748,0.6629,0.3959,18750,0.094,5
0.5506,1123,14115,0.7679,0.6314,0.2958,17000,0.037,8
0.4287,1297,6701,0.9074,0.4836,0.269,17750,0.035,9
0.6489,1057,15841,0.8102,0.7211,0.2892,22212.5,0.068,8
0.6798,1001,7323,0.5878,0.6307,0.5265,10000,0.128,3
0.4853,1371,26827,0.9406,0.3582,0.1718,15500,0.023,9
0.7323,1175,24756,0.8602,0.5757,0.2109,24000,0.038,8
0.7602,1138,10283,0.7861,0.4371,0.2914,14750.5,0.08,6
0.7241,1050,6076,0.6583,0.5949,0.3557,14815,0.095,5
0.825,1014,24014,0.7546,0.5983,0.292,21032,0.071,6
0.6996,1011,5632,0.6838,0.5732,0.4485,15000,0.116,4
0.4754,1053,5228,0.8384,0.5446,0.3845,13193.5,0.063,4
0.6821,990,8133,0.7389,0.6414,0.4758,17750,0.132,2
0.4836,855,18246,0.6781,0.4866,0.3772,17334.5,0.083,6
0.3416,1350,21073,0.9513,0.4884,0.172,21996.5,0.016,10
0.6865,1158,15767,0.9051,0.4845,0.2387,22734,0.057,9
0.5522,1033,5388,0.6885,0.6571,0.4592,16000,0.102,3
0.6791,1100,13817,0.7885,0.9151,0.306,21500,0.078,7
0.1813,1418,22665,0.9704,0.3918,0.1307,17500,0.017,10
0.6069,1030,6666,0.7304,0.652,0.3909,14000,0.084,3
0.1274,1475,22796,0.9732,0.1349,0.1429,13000,0.013,10
0.666,812,9477,0.6298,0.9369,0.7762,18750,0.168,6
0.6573,1110,13545,0.7981,0.6764,0.3896,20325,0.05,7
0.768,937,3180,0.766,0.131,0.5842,6713.5,0.141,1
0.7488,964,13222,0.6712,0.8336,0.5824,18000,0.16,3
0.6304,1029,9329,0.7671,0.7469,0.349,21721.5,0.062,6
0.6875,1035,12554,0.8525,0.7069,0.2912,25000,0.047,8
0.9975,1000,3881,0.8286,0.188,0.4463,9000,0.115,1
0.7458,1070,11539,0.7206,0.7575,0.4064,16450,0.057,5
0.8037,905,8190,0.7364,0.6133,0.4094,18750,0.104,4
0.7686,1058,14098,0.6994,0.6239,0.3274,18812.5,0.056,5
0.8217,1029,7185,0.7302,0.4958,0.3523,14875,0.102,5
0.7204,926,3693,0.6759,0.6704,0.5349,13260,0.159,2
0.5761,1109,15666,0.7885,0.722,0.2822,21700,0.045,7
0.8777,937,6779,0.7025,0.7814,0.3919,18162,0.08,4
0.6045,1153,21950,0.7974,0.459,0.2414,8509,0.15,5
0.5715,849,3357,0.7247,0.7652,0.7029,18137,0.229,4
0.7215,917,4704,0.8725,0.4286,0.5774,14000,0.049,5
0.3498,971,18212,0.6444,0.6587,0.4471,16000,0.11,2
0.4808,1062,5712,0.7003,0.4931,0.4102,12500,0.097,4
0.6558,841,11093,0.6887,0.4199,0.4763,12000,0.073,4
0.5217,1168,16516,0.8736,0.5244,0.259,20644,0.084,8
0.8989,823,9063,0.6314,0.8204,0.7115,19500,0.163,1
0.5778,1146,9833,0.7607,0.6559,0.2757,19500,0.052,6
0.2053,1340,30150,0.9764,0.3183,0.1841,16000,0.024,10
0.6844,985,8816,0.6884,0.4725,0.3799,12000,0.168,4
0.8568,1141,17632,0.8753,0.6167,0.2029,26814,0.016,8
0.45,1010,11572,0.5706,0.832,0.5006,12146.5,0.128,1
0.7829,957,12867,0.6686,0.7464,0.5206,18638,0.05,4
0.7887,950,17364,0.7173,0.8784,0.6102,25500,0.083,3
0.3222,1375,27441,0.9484,0.4131,0.1371,19000,0.014,10
0.9229,964,6264,0.7193,0.7758,0.4394,19000,0.105,5
0.7158,1047,13453,0.8407,0.7918,0.5169,18275,0.071,7
0.1432,1442,25716,0.955,0.2616,0.1411,17718.5,0,10
0.6706,1109,18737,0.7904,0.7204,0.2333,26303.5,0.027,7
0.8649,1026,6934,0.6619,0.5122,0.4367,14250,0.124,3
0.2411,1394,24134,0.9559,0.3716,0.2199,16590,0.003,10
0.6759,977,9837,0.65,0.7966,0.4613,18500,0.14,3
0.5486,1113,15493,0.7836,0.5769,0.1991,19500,0.05,7
0.0742,1471,31924,0.9734,0.2659,0.2154,17125,0.02,10
0.8409,1147,13500,0.8571,0.549,0.2561,23638,0.052,7
0.3743,1298,17863,0.9189,0.4771,0.1754,22625,0.019,8
0.625,841,21945,0.5249,0.8011,0.4955,14250,0.164,1
0.4732,1141,12355,0.8411,0.4645,0.1508,19710,0.06,8
0.719,1090,8418,0.7799,0.7596,0.2844,20000,0.091,8
0.7528,1070,15258,0.8262,0.6722,0.364,18750,0.047,7
0.5561,983,10917,0.7059,0.7604,0.4096,16160,0.084,4
0.5565,931,15204,0.719,0.7718,0.3833,18750,0.065,4
0.5871,1165,25982,0.7826,0.5565,0.2257,19150,0.052,7
0.8468,1030,6665,0.7694,0.6431,0.2963,18681,0.076,6
0.8512,1003,6600,0.7733,0.3687,0.3351,12608,0.088,4
0.793,1013,12360,0.7536,0.7468,0.3824,15750,0.073,5
0.7463,1053,21397,0.6594,0.6687,0.2602,15516,0.086,4
0.5823,1050,19894,0.7277,0.682,0.5144,20000,0.083,6
0.9478,1116,15144,0.797,0.5722,0.2264,19500,0.053,7
0.5587,1088,15275,0.8172,0.6674,0.3145,20000,0.052,7
0.593,1070,5074,0.7426,0.3735,0.3405,13000,0.093,4
0.1342,1444,23668,0.972,0.371,0.1366,6569,0.011,10
0.8691,1010,5008,0.7074,0.5095,0.3073,15348,0.072,4
0.7409,1122,19958,0.8761,0.6763,0.2023,25500,0.028,9
0.9378,780,8747,0.6692,0.8721,0.7044,16750,0.067,1
0.9615,970,10496,0.6429,0.7877,0.6089,19414.5,0.108,1
0.357,1364,28151,0.9319,0.3683,0.1323,12500,0.01,9
0.0705,1497,14701,0.9867,0.0969,0.1273,12000,0.009,10
0.8731,955,7505,0.6766,0.6653,0.365,21500,0.077,4
0.6117,1045,8128,0.7303,0.5297,0.4019,18832,0.06,4
0.8257,933,12309,0.6991,0.6591,0.3848,13000,0.068,4
0.6356,1097,11551,0.8182,0.8602,0.332,16172,0.029,7
0.6377,922,12442,0.5248,0.6244,0.4504,9500,0.167,2
0.5764,1168,5637,0.871,0.5037,0.2932,14768,0.056,7
0.5392,949,11983,0.7155,0.6212,0.4579,17995,0.123,3
0.55,983,11569,0.6959,0.7022,0.4881,14625,0.061,6
0.8576,1016,10008,0.7532,0.5092,0.5277,13000,0.036,5
0.7116,973,5392,0.658,0.512,0.3851,13450.5,0.134,1
0.6239,1303,13770,0.9306,0.4097,0.2019,19399,0.035,9
0.9334,1030,4979,0.7108,0.4196,0.2255,12821,0.112,4
0.5509,894,12274,0.6667,0.7313,0.4221,17625,0.15,3
0.9649,1016,9302,0.6636,0.6238,0.4149,15000,0.135,4
0.759,1010,9574,0.7665,0.6678,0.4123,17562,0.095,4
0.3766,1034,5283,0.7865,0.5798,0.3814,15000,0.081,5
0.4949,1158,21538,0.919,0.5699,0.2677,27000,0.037,9
0.658,1089,14535,0.8281,0.7483,0.2678,27000,0.041,7
0.7189,899,17452,0.6689,0.879,0.4339,19000,0.071,2
0.4685,1035,12791,0.4836,0.7106,0.3924,15224,0.067,2
0.657,1033,11504,0.729,0.7263,0.3668,16568,0.067,5
0.6916,1004,5639,0.691,0.3976,0.2388,14370,0.081,4
0.7568,1014,4068,0.7861,0.4052,0.3454,14793.5,0.043,7
0.9975,998,8615,0.7831,0.6746,0.4228,12500,0.114,1
0.7871,1076,12828,0.8128,0.7029,0.2674,19500,0.073,7
0.7887,1032,9537,0.6044,0.6109,0.4326,15245,0.093,4
0.7485,1068,10078,0.7896,0.6297,0.3149,18054,0.032,6
0.4713,1258,25968,0.9051,0.5467,0.2042,21500,0.042,9
0.5464,835,18053,0.6347,0.8211,0.6417,18500,0.1,2
0.6803,950,4347,0.6497,0.5809,0.4773,14500,0.087,2
0.6049,1090,16682,0.8101,0.6753,0.2337,24250,0.056,6
0.7127,1019,8642,0.5163,0.581,0.4437,9500,0.087,4
0.5565,889,4135,0.75,0.7249,0.572,20499,0.16,4
0.6779,885,10357,0.6482,0.8331,0.5027,20726,0.06,4
0.7978,1060,15061,0.736,0.7792,0.3478,21500,0.071,7
0.5841,1136,9305,0.8463,0.4299,0.3879,14878,0.079,4
0.5736,1028,2204,0.6217,0.4018,0.5053,8240,0.251,1
0.5766,926,8602,0.6094,0.8033,0.4977,18740,0.134,3
0.5556,1070,25880,0.75,0.8145,0.2621,15793,0.046,7
0.8215,1263,10252,0.8262,0.5401,0.2587,18843,0.038,7
0.7341,985,17362,0.7208,0.3668,0.2527,18750,0.043,4
0.8401,1008,5242,0.6639,0.2456,0.2117,9015.5,0.115,1
0.7044,974,9587,0.5441,0.8114,0.4956,17587.5,0.04,4
0.7551,1088,3527,0.7312,0.5289,0.4618,13300,0.146,2
0.6629,1045,11833,0.707,0.6477,0.352,20500,0.04,4
0.884,963,14390,0.5158,0.7856,0.6522,10877,0.132,1
0.5782,1018,16468,0.6517,0.7725,0.4232,26334,0.061,5
0.3121,1090,6601,0.8775,0.3828,0.3956,14495,0.052,7
0.6726,1025,21499,0.7549,0.7225,0.2699,20850,0.058,6
0.8151,1077,19352,0.7528,0.748,0.2502,20159,0.056,6
0.6,950,9864,0.72,0.4332,0.2976,16825,0.08,2
0.5816,1050,26168,0.6,0.5122,0.322,15500,0.083,4
0.7173,1077,12140,0.7834,0.8425,0.3386,18624,0.027,7
0.6356,1149,8595,0.9237,0.3884,0.1343,18500,0.025,9
0.5526,1096,9261,0.8665,0.6063,0.25,19500,0.053,8
0.5654,1068,5776,0.7564,0.5646,0.4179,15000,0.086,4
0.8114,1090,14038,0.7598,0.7108,0.2827,19500,0.04,6
0.5791,1137,6361,0.7332,0.4719,0.3817,12000,0.069,5
0.5343,1143,4980,0.8167,0.4242,0.348,14000,0.075,5
0.6425,1046,10369,0.727,0.9271,0.4662,16000,0.07,5
0.8299,847,2937,0.7024,0.857,0.7396,17126,0.206,1
0.698,1106,8747,0.7463,0.7783,0.3804,21500,0.069,7
0.7697,1153,17548,0.8673,0.3653,0.1494,20000,0.013,8
0.6655,1168,20826,0.8086,0.6872,0.1488,25000,0.035,8
0.5366,1233,11188,0.9392,0.5013,0.2088,18983,0.038,9
0.5613,1258,16043,0.9087,0.5513,0.1706,22000,0.042,9
0.8696,1033,5486,0.6563,0.428,0.4545,15000,0.076,5
0.6447,941,9187,0.5826,0.8905,0.7646,12000,0.193,3
0.4066,1175,14855,0.7673,0.7886,0.4086,23250,0.069,5
0.4232,845,5137,0.6788,0.7982,0.6541,17438,0.245,2
0.8911,1049,5136,0.6768,0.6301,0.3314,15772,0.069,4
0.5945,963,4987,0.7675,0.6128,0.35,16750,0.104,4
0.6975,1183,15962,0.8741,0.5545,0.2326,22500,0.025,8
0.3225,1067,14565,0.7661,0.6272,0.333,19500,0.037,5
0.5806,1107,15070,0.8078,0.6536,0.3501,20500,0.056,6
0.5374,1010,13164,0.6184,0.8772,0.4269,12000,0.0755,2
0.3723,993,5426,0.403,0.3971,0.4616,10013.5,0.104,5
0.1702,1439,26201,0.9799,0.2478,0.1903,11248,0.018,10
0.6555,1030,5622,0.7363,0.59,0.2906,15116,0.047,4
0.7337,970,4087,0.6807,0.5201,0.4926,12500,0.164,1
0.5859,1035,11973,0.7734,0.6878,0.4329,19500,0.052,6
0.5572,1140,27862,0.8673,0.4808,0.2622,23241,0.066,7
0.8412,1061,15678,0.7335,0.5529,0.3475,16297,0.06,4
0.4168,890,6458,0.6523,0.7236,0.5034,15000,0.141,2
0.1224,1442,36792,0.9778,0.2328,0.1417,19500,0.013,10
0.86,1006,16976,0.6955,0.7213,0.3342,20910,0.061,5
0.8523,963,4165,0.7771,0.5181,0.4643,14793.5,0.043,5
0.6499,879,4226,0.7203,0.8228,0.6169,21500,0.206,2
0.6396,1056,6028,0.7933,0.5434,0.2311,21980,0.065,5
0.7585,933,16634,0.7792,0.7181,0.3558,22498.5,0.044,5
0.5804,998,4018,0.7583,0.4717,0.4714,13821,0.114,2
0.6277,1095,16702,0.8322,0.7973,0.3206,21500,0.044,8
0.6781,1053,13580,0.641,0.7931,0.3899,19000,0.061,7
0.3378,908,4616,0.4923,0.7798,0.6488,15306,0.119,4
0.9073,1031,10874,0.6805,0.5921,0.3792,14500,0.135,4
0.5668,910,17424,0.7398,0.8124,0.4618,21500,0.059,2
0.5936,1100,8585,0.8558,0.4625,0.2975,15750,0.075,6
0.4257,1062,8251,0.8333,0.6105,0.6292,14425,0.056,2
0.8551,1035,30173,0.7938,0.7123,0.3727,26945,0.102,6
0.3328,825,4338,0.5279,0.8294,0.7576,17411,0.209,1
0.6857,1268,16551,0.9003,0.4888,0.1555,21450,0.025,9
0.277,842,2277,0.5621,0.7276,0.6986,13698.5,0.299,1
0.779,900,18180,0.7125,0.6788,0.4274,19500,0.026,5
0.5102,903,5219,0.4781,0.4932,0.4369,12000,0.067,6
0.6958,1013,10524,0.7195,0.5366,0.3659,16500,0.086,4
0.6538,1029,11712,0.8328,0.6951,0.3353,18750,0.096,5
0.9576,1089,5790,0.7449,0.5022,0.3595,15250,0.078,4
0.7679,1016,5958,0.7956,0.5549,0.3395,18000,0.068,5
0.6147,1142,23050,0.8246,0.6161,0.2873,19300,0.061,6
0.8856,990,7691,0.8063,0.6848,0.3037,18750,0.063,7
0.3435,924,11909,0.7876,0.7411,0.5066,22000,0.107,2
0.5274,1077,6265,0.6973,0.4818,0.4027,14250,0.105,1
0.6506,1006,15278,0.5728,0.7442,0.439,12580,0.106,4
0.6151,1030,4070,0.6913,0.4129,0.3639,12806,0.129,3
0.5837,995,13383,0.6111,0.7986,0.452,18686.5,0.071,2
0.8186,941,7842,0.6537,0.7245,0.4652,21500,0.077,4
0.6678,990,4881,0.672,0.594,0.3557,13500,0.085,4
0.7295,940,10352,0.6744,0.5768,0.4264,16000,0.08,2
0.5407,974,8457,0.6731,0.5745,0.4531,10828,0.106,3
0.8522,1233,25089,0.8669,0.5632,0.2071,20789,0.024,9
0.6191,1010,7891,0.7707,0.6699,0.3923,18750,0.062,7
0.4363,863,4270,0.689,0.8446,0.7346,23750,0.162,2
0.9165,1094,9563,0.7719,0.5246,0.3926,17686.5,0.113,5
0.6947,1115,22829,0.9005,0.5307,0.3267,21500,0.046,7
0.6547,1078,24510,0.8071,0.5547,0.2601,21521.5,0.087,8
0.7441,1034,17898,0.7639,0.7151,0.2583,20500,0.038,5
0.8546,1049,7348,0.7265,0.5127,0.3558,14000,0.116,4
0.7606,1026,13397,0.8225,0.6303,0.224,26123,0.048,8
0.3544,884,12589,0.5918,0.8707,0.7682,20000,0.114,4
0.45,947,5104,0.8152,0.7476,0.6445,20750,0.147,3
0.9987,1015,11560,0.7054,0.6511,0.5288,9500,0.088,2
0.5464,1022,7453,0.8045,0.601,0.4878,14250,0.074,6
0.6323,1156,5790,0.8718,0.4596,0.259,15635,0.048,8
0.994,883,12181,0.6637,0.8757,0.5171,14250,0.13,2
0.6089,1051,16287,0.7861,0.7682,0.4147,22697,0.052,5
0.8212,972,6199,0.6535,0.576,0.4025,11250,0.16,2
0.6137,1104,12657,0.8077,0.5335,0.3051,15750,0.025,5
0.8219,1085,12252,0.7553,0.7258,0.3432,21445,0.043,6
0.9299,1019,4231,0.2182,0.0324,0.5171,5500,0.053,0
0.5054,1010,12927,0.7548,0.7819,0.4879,19150,0.058,4
0.788,984,18014,0.7683,0.7734,0.4777,19500,0.067,6
0.9212,1009,19064,0.8269,0.5797,0.2424,21000,0.043,7
0.7285,988,10681,0.79,0.1337,0.1264,10500,0.126,7
0.0774,1358,3605,0.9558,0.1918,0.1766,17500,0.049,9
0.5033,859,4987,0.7318,0.8126,0.635,21670,0.168,3
0.6397,1237,22453,0.8746,0.3381,0.146,20500,0.027,9
0.9348,915,7400,0.7572,0.7167,0.388,19000,0.081,5
0.7281,1086,15220,0.8048,0.7034,0.2451,24000,0.044,7
0.477,939,4628,0.7273,0.6983,0.5781,18997,0.093,1
0.3705,1001,18300,0.8155,0.591,0.3333,19125,0.097,3
0.659,1154,16857,0.8658,0.668,0.2044,23000,0.026,8
0.6807,954,9161,0.7076,0.6632,0.4729,25250,0.121,4
0.7152,1091,9932,0.7568,0.5395,0.2242,18225,0.036,7
0.9423,1090,6877,0.7344,0.5602,0.3912,15259.5,0.102,4
0.2643,1341,23061,0.9049,0.3702,0.1617,20001,0.055,8
0.8449,1028,5386,0.6916,0.511,0.3825,14250,0.125,3
0.4745,1159,11691,0.7524,0.5362,0.2183,21750,0.056,7
0.2165,1030,9565,0.6851,0.68,0.5021,12612,0.079,5
0.6321,1124,8890,0.8506,0.5196,0.2707,15331,0.063,4
0.4163,1282,27513,0.8817,0.5473,0.1404,19957,0.026,9
0.3992,1334,23516,0.9068,0.4667,0.1861,22650,0.018,9
0.5156,1105,8550,0.8736,0.6315,0.2406,19695.5,0.052,8
0.3551,864,7470,0.6996,0.8179,0.8498,23537,0.184,5
0.5429,950,8906,0.5789,0.6733,0.4119,19700,0.079,4
0.7178,993,6401,0.6726,0.5099,0.3738,14950,0.074,4
0.4444,1212,13553,0.9193,0.438,0.3798,15000,0.045,9
0.5682,984,5831,0.6835,0.5557,0.4114,13118,0.091,4
0.8307,1046,13334,0.7057,0.5882,0.2362,16435,0.046,4
0.668,1195,19068,0.9002,0.5196,0.2189,22454,0.011,8
0.6769,1227,18060,0.9228,0.5784,0.1795,23231.5,0.01,9
0.3759,1035,11836,0.6285,0.604,0.3379,16137,0.091,5
0.8271,960,7317,0.7361,0.6989,0.3888,21500,0.077,5
0.693,1099,11425,0.6719,0.7015,0.3573,23869.5,0.055,6
0.4267,905,2262,0.6012,0.6041,0.5948,13000,0.268,1
0.6487,1182,19263,0.8545,0.6808,0.2621,27000,0.026,9
0.6464,910,5600,0.7552,0.7633,0.6476,23750,0.149,3
0.7446,879,3587,0.6331,0.4821,0.4052,13282.5,0.217,2
0.6418,1087,22114,0.75,0.4891,0.1264,18250,0.094,7
0.7198,1163,16651,0.8145,0.4877,0.1991,19749,0.078,7
0.7742,926,18183,0.6393,0.8222,0.5495,17114,0.086,4
0.6403,1187,13925,0.87,0.7773,0.2813,24187,0.024,8
0.4847,863,7156,0.4717,0.6554,0.6292,5500,0.072,3
0.6443,954,5852,0.7814,0.4151,0.3959,12500,0.05,5
0.494,1000,9853,0.7514,0.7263,0.5963,15250,0.063,4
0.8472,975,12942,0.6729,0.669,0.2441,15289,0.068,4
0.7135,1025,6574,0.7423,0.5068,0.3621,18333.5,0.051,4
0.5137,896,5603,0.597,0.6191,0.4574,10250,0.127,1
0.7141,1015,12102,0.7747,0.5642,0.3831,16362,0.086,4
0.355,880,1347,0.6118,0.6943,0.5964,12250,0.225,1
0.5848,750,10362,0.5421,0.8698,0.6777,14250,0.284,2
0.0569,1466,23849,0.9858,0.1343,0.1596,11500,0.01,10
0.9728,990,3721,0.6614,0.6786,0.6068,11500,0.158,2
0.6651,1204,18962,0.9425,0.5318,0.1879,26035,0.023,9
0.4863,1110,4850,0.7803,0.704,0.3913,18750,0.07,6
0.6756,1047,11884,0.6715,0.8529,0.5929,16416,0.084,6
0.4603,1006,11265,0.8175,0.7822,0.4479,21576,0.094,3
0.6649,965,3141,0.6117,0.6396,0.4803,14210,0.17,2
0.5785,960,14874,0.7238,0.833,0.4915,23500,0.076,4
0.7212,1175,16383,0.8711,0.6874,0.1929,26902,0.032,8
0.6832,970,10948,0.6171,0.804,0.4339,11500,0.079,5
0.5992,962,13033,0.6853,0.8729,0.3661,12500,0.076,5
0.8468,1069,17201,0.6597,0.6876,0.4098,16500,0.094,4
0.5316,1093,21499,0.7962,0.5684,0.3083,20000,0.093,6
0.2328,1020,4011,0.815,0.2383,0.5231,7500,0.095,2
0.6173,1053,15424,0.7254,0.6656,0.264,19944,0.056,6
0.881,895,5669,0.6374,0.7603,0.5427,14695,0.133,2
0.6676,1240,15186,0.8957,0.4162,0.1553,16766.5,0.147,9
0.4472,1079,8221,0.7263,0.3578,0.2253,16945,0.058,5
0.4885,1228,25057,0.9021,0.4259,0.1807,19500,0.028,8
0.375,1276,13805,0.942,0.4731,0.4274,18463,0.029,10
0.7423,968,8282,0.5308,0.589,0.454,11750,0.109,4
0.4707,988,12320,0.7241,0.644,0.3232,18385,0.072,5
0.6062,1016,6291,0.8028,0.5427,0.271,14500,0.058,4
0.8291,851,4029,0.6838,0.8872,0.7918,19696.5,0.158,2
0.5838,1241,19780,0.8755,0.6299,0.1878,25000,0.038,9
0.2605,1352,31648,0.925,0.4131,0.1987,21500,0.025,9
0.8359,972,13775,0.7296,0.4346,0.2925,15969.5,0.083,3
